Default Unit of Measure ,Item Code           ,Item Name                       ,Item Group         ,Valuation Rate ,Allow Alternative Item ,Allow Negative Stock ,Allow Purchase ,Allow Sales ,Description                                                                                                                                                                  ,Has Batch No ,Has Serial No ,Include Item In Manufacturing ,Is Fixed Asset ,Maintain Stock ,Standard Selling Rate ,Warranty Period (in days) ,Weight Per Unit ,Weight UOM ,Serial Number Series ,Batch Number Series ,Default Expense Account (Item Defaults)
Nos                     ,STO-EBIKE-2024-0001 ,Velo E-Carbon Elite             ,E-Bikes            ,       7199.99 ,                     1 ,                   0 ,             0 ,          1 ,"Premium E-Bike mit Carbonrahmen, Bosch Performance Line CX Antrieb und hochwertiger XTR/XT Ausstattung. Für anspruchsvolle Fahrer die Wert auf maximale Performance legen." ,             ,            1 ,                            1 ,             0 ,             1 ,             11999.99 ,                      730 ,         15.2   ,Kg         ,EBIKE-2024-          ,                    ,"5000 - Aufwendungen f. Roh-, Hilfs- und Betriebsstoffe und f. bezogene Waren - B"
Nos                     ,STO-BIKE-2024-0001  ,Velo Race Pro                   ,Fahrräder          ,       6099.99 ,                     1 ,                   0 ,             0 ,          1 ,"High-End Rennrad mit Carbonrahmen und Shimano Ultegra Di2 Ausstattung. Aerodynamisch optimiert für maximale Performance auf der Straße."                                    ,             ,            1 ,                            1 ,             0 ,             1 ,             10499.99 ,                      730 ,          7.8   ,Kg         ,BIKE-2024-           ,                    ,"5000 - Aufwendungen f. Roh-, Hilfs- und Betriebsstoffe und f. bezogene Waren - B"
Nos                     ,STO-BIKE-2024-0002  ,Velo Mountain Elite             ,Fahrräder          ,       5199.99 ,                     1 ,                   0 ,             0 ,          1 ,"Premium Mountainbike mit optimierter Trail-Geometrie, Fox Factory Fahrwerk und Shimano XT Ausstattung. Für anspruchsvolles Gelände."                                        ,             ,            1 ,                            1 ,             0 ,             1 ,              8999.99 ,                      730 ,         12.4   ,Kg         ,BIKE-2024-           ,                    ,"5000 - Aufwendungen f. Roh-, Hilfs- und Betriebsstoffe und f. bezogene Waren - B"
Nos                     ,STO-EBIKE-2024-0002 ,Velo E-City Plus                ,E-Bikes            ,       4299.99 ,                     1 ,                   0 ,             0 ,          1 ,"Komfortables E-City-Bike mit Bosch Performance Line Motor, integriertem Akku und hochwertiger Ausstattung für den täglichen Einsatz."                                       ,             ,            1 ,                            1 ,             0 ,             1 ,              6999.99 ,                      730 ,         22.5   ,Kg         ,EBIKE-2024-          ,                    ,"5000 - Aufwendungen f. Roh-, Hilfs- und Betriebsstoffe und f. bezogene Waren - B"
Nos                     ,STO-EBIKE-2024-0003 ,Velo E-City Basic               ,E-Bikes            ,       3499.99 ,                     1 ,                   0 ,             0 ,          1 ,"Einstiegs-E-Bike mit Bosch Active Line Motor. Zuverlässig und komfortabel für den Stadtverkehr."                                                                            ,             ,            1 ,                            1 ,             0 ,             1 ,              5499.99 ,                      730 ,         23.5   ,Kg         ,EBIKE-2024-          ,                    ,"5000 - Aufwendungen f. Roh-, Hilfs- und Betriebsstoffe und f. bezogene Waren - B"
Nos                     ,STO-BIKE-2024-0005  ,Velo City Life                  ,Fahrräder          ,       2199.99 ,                     1 ,                   0 ,             0 ,          1 ,"Praktisches Stadtrad mit Shimano Nexus 8-Gang Nabenschaltung. Wartungsarm und alltagstauglich."                                                                             ,             ,            1 ,                            1 ,             0 ,             1 ,              3499.99 ,                      730 ,         15.5   ,Kg         ,BIKE-2024-           ,                    ,"5000 - Aufwendungen f. Roh-, Hilfs- und Betriebsstoffe und f. bezogene Waren - B"
Nos                     ,STO-BIKE-2024-0006  ,Velo Urban Basic                ,Fahrräder          ,       1799.99 ,                     1 ,                   0 ,             0 ,          1 ,"Einfaches und robustes Stadtrad mit 7-Gang Schaltung. Ideal für den preisbewussten Stadtfahrer."                                                                            ,             ,            1 ,                            1 ,             0 ,             1 ,              2799.99 ,                      730 ,         16.2   ,Kg         ,BIKE-2024-           ,                    ,"5000 - Aufwendungen f. Roh-, Hilfs- und Betriebsstoffe und f. bezogene Waren - B"
Nos                     ,STO-COMP-2024-C001  ,Carbon Pro Race Lenker          ,Fahrradkomponenten ,        249.99 ,                     1 ,                   0 ,             1 ,          1 ,"Ultra-leichter Carbon-Rennlenker, 42/44cm Breite, integrierte Kabelführung, UCI-konform, optimierte Ergonomie für lange Rennradausfahrten"                                  ,           1 ,              ,                            1 ,             0 ,             1 ,               499.99 ,                      365 ,          0.18  ,Kg         ,                     ,COCKPIT-2024-       ,"5000 - Aufwendungen f. Roh-, Hilfs- und Betriebsstoffe und f. bezogene Waren - B"
Nos                     ,STO-COMP-2024-C002  ,Carbon MTB Flatbar Elite        ,Fahrradkomponenten ,        189.99 ,                     1 ,                   0 ,             1 ,          1 ,"Carbon MTB-Lenker, 760mm Breite, 20mm Rise, 9° Backsweep, optimiert für Trail und All-Mountain Einsatz"                                                                     ,           1 ,              ,                            1 ,             0 ,             1 ,               379.99 ,                      365 ,          0.22  ,Kg         ,                     ,COCKPIT-2024-       ,"5000 - Aufwendungen f. Roh-, Hilfs- und Betriebsstoffe und f. bezogene Waren - B"
Nos                     ,STO-COMP-2024-C003  ,Alu Pro Race Lenker             ,Fahrradkomponenten ,         89.99 ,                     1 ,                   0 ,             1 ,          1 ,"Leichter Aluminium-Rennlenker, 42/44cm Breite, ergonomisches Oberlenker-Design, Double-butted 7075-T6"                                                                      ,           1 ,              ,                            1 ,             0 ,             1 ,               179.99 ,                      365 ,          0.28  ,Kg         ,                     ,COCKPIT-2024-       ,"5000 - Aufwendungen f. Roh-, Hilfs- und Betriebsstoffe und f. bezogene Waren - B"
Nos                     ,STO-COMP-2024-C004  ,Alu MTB Riser Pro               ,Fahrradkomponenten ,         69.99 ,                     1 ,                   0 ,             1 ,          1 ,"Aluminium MTB-Riser-Lenker, 780mm Breite, 35mm Rise, 8° Backsweep, 5° Upsweep"                                                                                              ,           1 ,              ,                            1 ,             0 ,             1 ,               139.99 ,                      365 ,          0.32  ,Kg         ,                     ,COCKPIT-2024-       ,"5000 - Aufwendungen f. Roh-, Hilfs- und Betriebsstoffe und f. bezogene Waren - B"
Nos                     ,STO-COMP-2024-C005  ,Carbon Vorbau Elite             ,Fahrradkomponenten ,        159.99 ,                     1 ,                   0 ,             1 ,          1 ,"Carbon-Vorbau, -17° Neigung, Längen: 80-120mm, Titanschrauben, nur 98g (100mm)"                                                                                             ,           1 ,              ,                            1 ,             0 ,             1 ,               319.99 ,                      365 ,          0.12  ,Kg         ,                     ,COCKPIT-2024-       ,"5000 - Aufwendungen f. Roh-, Hilfs- und Betriebsstoffe und f. bezogene Waren - B"
Nos                     ,STO-COMP-2024-C006  ,Alu Vorbau Pro                  ,Fahrradkomponenten ,         54.99 ,                     1 ,                   0 ,             1 ,          1 ,"Geschmiedeter Aluminium-Vorbau, -6° Neigung, Längen: 70-130mm, 4-Schrauben-Klemmung"                                                                                        ,           1 ,              ,                            1 ,             0 ,             1 ,               109.99 ,                      365 ,          0.14  ,Kg         ,                     ,COCKPIT-2024-       ,"5000 - Aufwendungen f. Roh-, Hilfs- und Betriebsstoffe und f. bezogene Waren - B"
Nos                     ,STO-COMP-2024-C007  ,Carbon Sattelstütze Pro         ,Fahrradkomponenten ,        179.99 ,                     1 ,                   0 ,             1 ,          1 ,"Carbon-Sattelstütze mit 0mm Offset, 27.2/31.6mm, Länge 350mm, optimierte Dämpfungseigenschaften"                                                                            ,           1 ,              ,                            1 ,             0 ,             1 ,               359.99 ,                      365 ,          0.19  ,Kg         ,                     ,COCKPIT-2024-       ,"5000 - Aufwendungen f. Roh-, Hilfs- und Betriebsstoffe und f. bezogene Waren - B"
Nos                     ,STO-COMP-2024-C008  ,Alu Sattelstütze Advanced       ,Fahrradkomponenten ,         49.99 ,                     1 ,                   0 ,             1 ,          1 ,"Aluminium-Sattelstütze mit 20mm Offset, 27.2/31.6mm, Länge 400mm, 2-Schrauben-Klemmung"                                                                                     ,           1 ,              ,                            1 ,             0 ,             1 ,                99.99 ,                      365 ,          0.25  ,Kg         ,                     ,COCKPIT-2024-       ,"5000 - Aufwendungen f. Roh-, Hilfs- und Betriebsstoffe und f. bezogene Waren - B"
Nos                     ,STO-COMP-2024-C009  ,Carbon Sattel Race Pro          ,Fahrradkomponenten ,        149.99 ,                     1 ,                   0 ,             1 ,          1 ,"Ultra-leichter Carbon-Sattel, 132mm Breite, Carbongestell, optimierte Druckentlastung, nur 145g"                                                                            ,           1 ,              ,                            1 ,             0 ,             1 ,               299.99 ,                      365 ,          0.15  ,Kg         ,                     ,COCKPIT-2024-       ,"5000 - Aufwendungen f. Roh-, Hilfs- und Betriebsstoffe und f. bezogene Waren - B"
Nos                     ,STO-COMP-2024-C010  ,Ergonomie Sattel Pro            ,Fahrradkomponenten ,         84.99 ,                     1 ,                   0 ,             1 ,          1 ,"Ergonomischer Komfort-Sattel, 155mm Breite, Titangestell, Gel-Polsterung, Druckentlastungskanal"                                                                            ,           1 ,              ,                            1 ,             0 ,             1 ,               169.99 ,                      365 ,          0.23  ,Kg         ,                     ,COCKPIT-2024-       ,"5000 - Aufwendungen f. Roh-, Hilfs- und Betriebsstoffe und f. bezogene Waren - B"
Nos                     ,STO-COMP-2024-W001  ,Carbon Race Laufradsatz Pro     ,Fahrradkomponenten ,       1199.99 ,                     1 ,                   0 ,             1 ,          1 ,"Premium Carbon-Laufradsatz für Rennräder, 45mm Felgenhöhe, Tubeless Ready, DT Swiss 240s Naben, Sapim CX-Ray Speichen, 1380g/Set"                                           ,           1 ,              ,                            1 ,             0 ,             1 ,              2399.99 ,                      730 ,          1.38  ,Kg         ,                     ,WHEEL-2024-         ,"5000 - Aufwendungen f. Roh-, Hilfs- und Betriebsstoffe und f. bezogene Waren - B"
Nos                     ,STO-COMP-2024-W002  ,Carbon MTB Laufradsatz Elite    ,Fahrradkomponenten ,        999.99 ,                     1 ,                   0 ,             1 ,          1 ,"High-End Carbon MTB Laufradsatz, 30mm Innenweite, Boost Standard, DT Swiss 350 Naben, Tubeless Ready, 1580g/Set"                                                            ,           1 ,              ,                            1 ,             0 ,             1 ,              1999.99 ,                      730 ,          1.58  ,Kg         ,                     ,WHEEL-2024-         ,"5000 - Aufwendungen f. Roh-, Hilfs- und Betriebsstoffe und f. bezogene Waren - B"
Nos                     ,STO-COMP-2024-W003  ,Alu Race Laufradsatz Pro        ,Fahrradkomponenten ,        449.99 ,                     1 ,                   0 ,             1 ,          1 ,"Hochwertiger Aluminium-Rennrad-Laufradsatz, 25mm Innenweite, Tubeless Ready, DT Swiss 370 Naben, 1680g/Set"                                                                 ,           1 ,              ,                            1 ,             0 ,             1 ,               899.99 ,                      730 ,          1.68  ,Kg         ,                     ,WHEEL-2024-         ,"5000 - Aufwendungen f. Roh-, Hilfs- und Betriebsstoffe und f. bezogene Waren - B"
Nos                     ,STO-COMP-2024-W004  ,E-Bike Laufradsatz Advanced     ,Fahrradkomponenten ,        349.99 ,                     1 ,                   0 ,             1 ,          1 ,"Verstärkter E-Bike Laufradsatz, Aluminium, 25mm Innenweite, E-Bike optimierte Naben, erhöhte Speichenzahl, 2100g/Set"                                                       ,           1 ,              ,                            1 ,             0 ,             1 ,               699.99 ,                      730 ,          2.10  ,Kg         ,                     ,WHEEL-2024-         ,"5000 - Aufwendungen f. Roh-, Hilfs- und Betriebsstoffe und f. bezogene Waren - B"
Nos                     ,STO-COMP-2024-W005  ,Gravel Laufradsatz Pro          ,Fahrradkomponenten ,        599.99 ,                     1 ,                   0 ,             1 ,          1 ,"Gravel-spezifischer Laufradsatz, Carbon, 23mm Innenweite, Tubeless Ready, DT Swiss G350 Naben, 1480g/Set"                                                                   ,           1 ,              ,                            1 ,             0 ,             1 ,              1199.99 ,                      730 ,          1.48  ,Kg         ,                     ,WHEEL-2024-         ,"5000 - Aufwendungen f. Roh-, Hilfs- und Betriebsstoffe und f. bezogene Waren - B"
Nos                     ,STO-COMP-2024-W006  ,Race Pro Reifen 700x25c         ,Fahrradkomponenten ,         44.99 ,                     1 ,                   0 ,             1 ,          1 ,"High-Performance Rennradreifen, 700x25c, 320TPI Karkasse, Tubeless Ready, Graphene Compound, Rolling Resistance 8.9W"                                                       ,           1 ,              ,                            1 ,             0 ,             1 ,                89.99 ,                      365 ,          0.22  ,Kg         ,                     ,WHEEL-2024-         ,"5000 - Aufwendungen f. Roh-, Hilfs- und Betriebsstoffe und f. bezogene Waren - B"
Nos                     ,STO-COMP-2024-W007  ,MTB Trail Pro Reifen 29x2.4     ,Fahrradkomponenten ,         49.99 ,                     1 ,                   0 ,             1 ,          1 ,"All-Mountain/Trail Reifen, 29x2.4, Triple Compound, verstärkte Seitenwände, Tubeless Ready, EXO+ Karkasse"                                                                  ,           1 ,              ,                            1 ,             0 ,             1 ,                99.99 ,                      365 ,          0.89  ,Kg         ,                     ,WHEEL-2024-         ,"5000 - Aufwendungen f. Roh-, Hilfs- und Betriebsstoffe und f. bezogene Waren - B"
Nos                     ,STO-COMP-2024-W008  ,Gravel Pro Reifen 700x40c       ,Fahrradkomponenten ,         39.99 ,                     1 ,                   0 ,             1 ,          1 ,"Gravel-spezifischer Reifen, 700x40c, Tubeless Ready, verstärkte Pannenschutzeinlage, semi-glatter Mittelsteg"                                                               ,           1 ,              ,                            1 ,             0 ,             1 ,                79.99 ,                      365 ,          0.46  ,Kg         ,                     ,WHEEL-2024-         ,"5000 - Aufwendungen f. Roh-, Hilfs- und Betriebsstoffe und f. bezogene Waren - B"
Nos                     ,STO-COMP-2024-W009  ,E-Bike Urban Reifen 27.5x2.4    ,Fahrradkomponenten ,         34.99 ,                     1 ,                   0 ,             1 ,          1 ,"E-Bike zertifizierter City/Trekking Reifen, 27.5x2.4, ECE-R75 konform, Reflexstreifen, erhöhter Pannenschutz"                                                               ,           1 ,              ,                            1 ,             0 ,             1 ,                69.99 ,                      365 ,          0.98  ,Kg         ,                     ,WHEEL-2024-         ,"5000 - Aufwendungen f. Roh-, Hilfs- und Betriebsstoffe und f. bezogene Waren - B"
Nos                     ,STO-COMP-2024-W010  ,City Comfort Reifen 28x2.0      ,Fahrradkomponenten ,         24.99 ,                     1 ,                   0 ,             1 ,          1 ,"Komfort-orientierter Stadtrad-Reifen, 28x2.0, Pannenschutzeinlage, Reflexstreifen, E-Bike ready bis 25km/h"                                                                 ,           1 ,              ,                            1 ,             0 ,             1 ,                49.99 ,                      365 ,          0.82  ,Kg         ,                     ,WHEEL-2024-         ,"5000 - Aufwendungen f. Roh-, Hilfs- und Betriebsstoffe und f. bezogene Waren - B"
Nos                     ,STO-COMP-2024-B001  ,Race Carbon Disc Brake Set      ,Fahrradkomponenten ,        599.99 ,                     1 ,                   0 ,             1 ,          1 ,"Premium Rennrad-Scheibenbremsen Set, Carbon-Hebel, Hydraulisch, Flatmount, vorne 160mm/hinten 140mm Scheiben inkl., 385g/Set ohne Scheiben"                                 ,           1 ,              ,                            1 ,             0 ,             1 ,              1199.99 ,                      730 ,          0.39  ,Kg         ,                     ,BRAKE-2024-         ,"5000 - Aufwendungen f. Roh-, Hilfs- und Betriebsstoffe und f. bezogene Waren - B"
Nos                     ,STO-COMP-2024-B002  ,MTB Pro 4-Kolben Bremse         ,Fahrradkomponenten ,        449.99 ,                     1 ,                   0 ,             1 ,          1 ,"High-End MTB 4-Kolben Bremsanlage, Vorne/Hinten, Werkzeugfreie Reichweiteneinstellung, Bleeding Edge Technologie, 180mm/180mm Scheiben"                                     ,           1 ,              ,                            1 ,             0 ,             1 ,               899.99 ,                      730 ,          0.52  ,Kg         ,                     ,BRAKE-2024-         ,"5000 - Aufwendungen f. Roh-, Hilfs- und Betriebsstoffe und f. bezogene Waren - B"
Nos                     ,STO-COMP-2024-B003  ,E-MTB Performance Bremse        ,Fahrradkomponenten ,        349.99 ,                     1 ,                   0 ,             1 ,          1 ,"E-MTB optimierte 4-Kolben Bremsanlage, verstärkte Bremsbeläge, 203mm/180mm Scheiben, erhöhte Wärmeableitung"                                                                ,           1 ,              ,                            1 ,             0 ,             1 ,               699.99 ,                      730 ,          0.58  ,Kg         ,                     ,BRAKE-2024-         ,"5000 - Aufwendungen f. Roh-, Hilfs- und Betriebsstoffe und f. bezogene Waren - B"
Nos                     ,STO-COMP-2024-B004  ,Gravel Disc Brake Pro           ,Fahrradkomponenten ,        299.99 ,                     1 ,                   0 ,             1 ,          1 ,"Gravel-spezifische Hydraulikbremse, Flatmount, 160mm/160mm Scheiben, Ergonomische Hebel, Werkzeugfreie Belageinstellung"                                                    ,           1 ,              ,                            1 ,             0 ,             1 ,               599.99 ,                      730 ,          0.45  ,Kg         ,                     ,BRAKE-2024-         ,"5000 - Aufwendungen f. Roh-, Hilfs- und Betriebsstoffe und f. bezogene Waren - B"
Nos                     ,STO-COMP-2024-B005  ,City Hydraulic Brake            ,Fahrradkomponenten ,        179.99 ,                     1 ,                   0 ,             1 ,          1 ,"Wartungsarme Hydraulikbremse für Stadt- und Trekkingräder, 160mm/160mm Scheiben, Mineralöl-System, langlebige Beläge"                                                       ,           1 ,              ,                            1 ,             0 ,             1 ,               359.99 ,                      730 ,          0.49  ,Kg         ,                     ,BRAKE-2024-         ,"5000 - Aufwendungen f. Roh-, Hilfs- und Betriebsstoffe und f. bezogene Waren - B"
Nos                     ,STO-COMP-2024-B006  ,Race Disc 160mm Ice-Tech        ,Fahrradkomponenten ,         54.99 ,                     1 ,                   0 ,             1 ,          1 ,"Hochleistungs-Bremsscheibe 160mm, Ice-Tech Technologie, Centerlock, 2.0mm stark, Aluminium-Spider, 108g"                                                                    ,           1 ,              ,                            1 ,             0 ,             1 ,               109.99 ,                      365 ,          0.11  ,Kg         ,                     ,BRAKE-2024-         ,"5000 - Aufwendungen f. Roh-, Hilfs- und Betriebsstoffe und f. bezogene Waren - B"
Nos                     ,STO-COMP-2024-B007  ,MTB Disc 203mm Pro              ,Fahrradkomponenten ,         64.99 ,                     1 ,                   0 ,             1 ,          1 ,"Großdimensionierte MTB-Bremsscheibe 203mm, 6-Loch, 2.3mm stark, schwimmend gelagert, erhöhte Kühlleistung, 195g"                                                            ,           1 ,              ,                            1 ,             0 ,             1 ,               129.99 ,                      365 ,          0.20  ,Kg         ,                     ,BRAKE-2024-         ,"5000 - Aufwendungen f. Roh-, Hilfs- und Betriebsstoffe und f. bezogene Waren - B"
Nos                     ,STO-COMP-2024-B008  ,Race Ceramic Bremsbeläge        ,Fahrradkomponenten ,         34.99 ,                     1 ,                   0 ,             1 ,          1 ,"High-Performance Bremsbeläge mit Keramik-Compound, optimierte Wärmeableitung, geringer Verschleiß, für Shimano-kompatibel"                                                  ,           1 ,              ,                            1 ,             0 ,             1 ,                59.99 ,                      365 ,          0.08  ,Kg         ,                     ,BRAKE-2024-         ,"5000 - Aufwendungen f. Roh-, Hilfs- und Betriebsstoffe und f. bezogene Waren - B"
Nos                     ,STO-COMP-2024-B009  ,MTB Sinter Bremsbeläge Pro      ,Fahrradkomponenten ,         24.99 ,                     1 ,                   0 ,             1 ,          1 ,"Gesinterte Bremsbeläge für MTB/E-MTB, hohe Bremsleistung bei Nässe, langlebig, SRAM/Magura-kompatibel"                                                                      ,           1 ,              ,                            1 ,             0 ,             1 ,                49.99 ,                      365 ,          0.04  ,Kg         ,                     ,BRAKE-2024-         ,"5000 - Aufwendungen f. Roh-, Hilfs- und Betriebsstoffe und f. bezogene Waren - B"
Nos                     ,STO-COMP-2024-B010  ,Carbon Race Fork Pro            ,Fahrradkomponenten ,        399.99 ,                     1 ,                   0 ,             1 ,          1 ,"Premium Carbon-Rennradgabel, Flatmount Bremsaufnahme, 12mm Steckachse, integrierte Kabelführung, 350g"                                                                      ,           1 ,              ,                            1 ,             0 ,             1 ,               799.99 ,                      730 ,          0.35  ,Kg         ,                     ,BRAKE-2024-         ,"5000 - Aufwendungen f. Roh-, Hilfs- und Betriebsstoffe und f. bezogene Waren - B"
Nos                     ,STO-COMP-2024-D001  ,Race Di2 Schaltgruppe           ,Fahrradkomponenten ,       1299.99 ,                     1 ,                   0 ,             1 ,          1 ,"Premium elektronische 12-fach Rennrad-Schaltgruppe, Schaltwerk, Umwerfer, Hebel, Semi-Wireless, programmierbares Schaltverhalten"                                           ,           1 ,              ,                            1 ,             0 ,             1 ,              2599.99 ,                      730 ,          0.89  ,Kg         ,                     ,DRIVE-2024-         ,"5000 - Aufwendungen f. Roh-, Hilfs- und Betriebsstoffe und f. bezogene Waren - B"
Nos                     ,STO-COMP-2024-D002  ,MTB AXS Schaltgruppe Pro        ,Fahrradkomponenten ,        999.99 ,                     1 ,                   0 ,             1 ,          1 ,"High-End elektronische MTB 12-fach Schaltgruppe, Wireless, Mullet-Setup möglich, optimierte Kettenführung, 52T Kapazität"                                                   ,           1 ,              ,                            1 ,             0 ,             1 ,              1999.99 ,                      730 ,          0.92  ,Kg         ,                     ,DRIVE-2024-         ,"5000 - Aufwendungen f. Roh-, Hilfs- und Betriebsstoffe und f. bezogene Waren - B"
Nos                     ,STO-COMP-2024-D003  ,Gravel GRX Di2 Set              ,Fahrradkomponenten ,        899.99 ,                     1 ,                   0 ,             1 ,          1 ,"Gravel-spezifische elektronische 11-fach Schaltgruppe, Clutch-Technologie, erweiterte Übersetzungsbandbreite, Schmutzresistent"                                             ,           1 ,              ,                            1 ,             0 ,             1 ,              1799.99 ,                      730 ,          0.95  ,Kg         ,                     ,DRIVE-2024-         ,"5000 - Aufwendungen f. Roh-, Hilfs- und Betriebsstoffe und f. bezogene Waren - B"
Nos                     ,STO-COMP-2024-D004  ,Race Carbon Kurbel Pro          ,Fahrradkomponenten ,        449.99 ,                     1 ,                   0 ,             1 ,          1 ,"Ultra-leichte Carbon-Rennradkurbel, 172.5mm, 52/36T, Hollow-Tech II kompatibel, integrierter Powermeter-Ready"                                                              ,           1 ,              ,                            1 ,             0 ,             1 ,               899.99 ,                      730 ,          0.62  ,Kg         ,                     ,DRIVE-2024-         ,"5000 - Aufwendungen f. Roh-, Hilfs- und Betriebsstoffe und f. bezogene Waren - B"
Nos                     ,STO-COMP-2024-D005  ,MTB Carbon Kurbel Elite         ,Fahrradkomponenten ,        399.99 ,                     1 ,                   0 ,             1 ,          1 ,"MTB Carbon-Kurbel, 175mm, Direct Mount, 32T, Boost-kompatibel, Q-Faktor 168mm, verstärkte Pedalgewinde"                                                                     ,           1 ,              ,                            1 ,             0 ,             1 ,               799.99 ,                      730 ,          0.58  ,Kg         ,                     ,DRIVE-2024-         ,"5000 - Aufwendungen f. Roh-, Hilfs- und Betriebsstoffe und f. bezogene Waren - B"
Nos                     ,STO-COMP-2024-D006  ,E-Bike Kurbel Advanced          ,Fahrradkomponenten ,        129.99 ,                     1 ,                   0 ,             1 ,          1 ,"E-Bike optimierte Aluminium-Kurbel, 165mm, verstärkte Ausführung, ISIS-Drive, Q-Faktor 180mm, E-Bike zertifiziert"                                                          ,           1 ,              ,                            1 ,             0 ,             1 ,               259.99 ,                      730 ,          0.78  ,Kg         ,                     ,DRIVE-2024-         ,"5000 - Aufwendungen f. Roh-, Hilfs- und Betriebsstoffe und f. bezogene Waren - B"
Nos                     ,STO-COMP-2024-D007  ,Race Kassette 12-fach Pro       ,Fahrradkomponenten ,        249.99 ,                     1 ,                   0 ,             1 ,          1 ,"Hochwertige 12-fach Rennrad-Kassette, 11-30T, CNC-gefräste Stahlritzel, Aluminium-Spider, 245g"                                                                             ,           1 ,              ,                            1 ,             0 ,             1 ,               499.99 ,                      365 ,          0.25  ,Kg         ,                     ,DRIVE-2024-         ,"5000 - Aufwendungen f. Roh-, Hilfs- und Betriebsstoffe und f. bezogene Waren - B"
Nos                     ,STO-COMP-2024-D008  ,MTB Kassette 12-fach Elite      ,Fahrradkomponenten ,        199.99 ,                     1 ,                   0 ,             1 ,          1 ,"Premium MTB 12-fach Kassette, 10-52T, XD-Driver, beschichtete Stahlritzel, Aluminium-Carrier, 385g"                                                                         ,           1 ,              ,                            1 ,             0 ,             1 ,               399.99 ,                      365 ,          0.39  ,Kg         ,                     ,DRIVE-2024-         ,"5000 - Aufwendungen f. Roh-, Hilfs- und Betriebsstoffe und f. bezogene Waren - B"
Nos                     ,STO-COMP-2024-D009  ,Race Chain 12-speed Pro         ,Fahrradkomponenten ,         69.99 ,                     1 ,                   0 ,             1 ,          1 ,"High-Performance 12-fach Kette, Hohlnietentechnologie, Titannitrid-Beschichtung, 242g (114 Glieder)"                                                                        ,           1 ,              ,                            1 ,             0 ,             1 ,               129.99 ,                      365 ,          0.32  ,Kg         ,                     ,DRIVE-2024-         ,"5000 - Aufwendungen f. Roh-, Hilfs- und Betriebsstoffe und f. bezogene Waren - B"
Nos                     ,STO-COMP-2024-D010  ,E-MTB Chain 12-speed Heavy Duty ,Fahrradkomponenten ,         49.99 ,                     1 ,                   0 ,             1 ,          1 ,"Verstärkte E-MTB 12-fach Kette, verlängerte Haltbarkeit, optimierte Schaltperformance unter Last, 278g (114 Glieder)"                                                       ,           1 ,              ,                            1 ,             0 ,             1 ,                99.99 ,                      365 ,          0.28  ,Kg         ,                     ,DRIVE-2024-         ,"5000 - Aufwendungen f. Roh-, Hilfs- und Betriebsstoffe und f. bezogene Waren - B"
Nos                     ,STO-COMP-2024-E001  ,Performance CX Motor Pro        ,Fahrradkomponenten ,        899.99 ,                     1 ,                   0 ,             1 ,          1 ,"Premium Mittelmotor, 85Nm max. Drehmoment, 250W Nennleistung, Smart System Ready, Auto-Mode, Extended Range Support bis 120 upm"                                            ,           1 ,              ,                            1 ,             0 ,             1 ,              1799.99 ,                      730 ,          2.9   ,Kg         ,                     ,EBIKE-2024-         ,"5000 - Aufwendungen f. Roh-, Hilfs- und Betriebsstoffe und f. bezogene Waren - B"
Nos                     ,STO-COMP-2024-E002  ,Active Line Plus Motor          ,Fahrradkomponenten ,        499.99 ,                     1 ,                   0 ,             1 ,          1 ,"City/Trekking Mittelmotor, 50Nm max. Drehmoment, 250W Nennleistung, leise Laufcharakteristik, optimaler Wirkungsgrad"                                                       ,           1 ,              ,                            1 ,             0 ,             1 ,               999.99 ,                      730 ,          3.2   ,Kg         ,                     ,EBIKE-2024-         ,"5000 - Aufwendungen f. Roh-, Hilfs- und Betriebsstoffe und f. bezogene Waren - B"
Nos                     ,STO-COMP-2024-E003  ,Cargo Drive Unit Plus           ,Fahrradkomponenten ,        799.99 ,                     1 ,                   0 ,             1 ,          1 ,"Cargo-optimierter Mittelmotor, 85Nm max. Drehmoment, verstärkte Ausführung, Anhängerlast bis 200kg, Temperaturüberwachung"                                                  ,           1 ,              ,                            1 ,             0 ,             1 ,              1599.99 ,                      730 ,          3.4   ,Kg         ,                     ,EBIKE-2024-         ,"5000 - Aufwendungen f. Roh-, Hilfs- und Betriebsstoffe und f. bezogene Waren - B"
Nos                     ,STO-COMP-2024-E004  ,PowerTube 750 Battery Pro       ,Fahrradkomponenten ,        599.99 ,                     1 ,                   0 ,             1 ,          1 ,"Premium integrierter Akku, 750Wh Kapazität, Smart System kompatibel, Schnellladefunktion, BMS 2.0, 4A Ladestrom"                                                            ,           1 ,              ,                            1 ,             0 ,             1 ,              1199.99 ,                      730 ,          3.7   ,Kg         ,                     ,EBIKE-2024-         ,"5000 - Aufwendungen f. Roh-, Hilfs- und Betriebsstoffe und f. bezogene Waren - B"
Nos                     ,STO-COMP-2024-E005  ,PowerPack 500 Battery           ,Fahrradkomponenten ,        399.99 ,                     1 ,                   0 ,             1 ,          1 ,"Rahmenakku, 500Wh Kapazität, Universal-Mount System, 3A Ladestrom, integrierte Kapazitätsanzeige"                                                                           ,           1 ,              ,                            1 ,             0 ,             1 ,               799.99 ,                      730 ,          2.8   ,Kg         ,                     ,EBIKE-2024-         ,"5000 - Aufwendungen f. Roh-, Hilfs- und Betriebsstoffe und f. bezogene Waren - B"
Nos                     ,STO-COMP-2024-E006  ,DualBattery Adapter Kit         ,Fahrradkomponenten ,        149.99 ,                     1 ,                   0 ,             1 ,          1 ,"Adapter für Zweitakku-System, kompatibel mit PowerTube/PowerPack, inkl. Verkabelung und Steuerung"                                                                          ,           1 ,              ,                            1 ,             0 ,             1 ,               299.99 ,                      730 ,          0.4   ,Kg         ,                     ,EBIKE-2024-         ,"5000 - Aufwendungen f. Roh-, Hilfs- und Betriebsstoffe und f. bezogene Waren - B"
Nos                     ,STO-COMP-2024-E007  ,Smart Display Pro               ,Fahrradkomponenten ,        249.99 ,                     1 ,                   0 ,             1 ,          1 ,"Premium E-Bike Display, 3.5 Zoll Farb-Display, Bluetooth/ANT+, Navigation, Fitness-Tracking, Smartphone-Integration"                                                        ,           1 ,              ,                            1 ,             0 ,             1 ,               499.99 ,                      730 ,          0.3   ,Kg         ,                     ,EBIKE-2024-         ,"5000 - Aufwendungen f. Roh-, Hilfs- und Betriebsstoffe und f. bezogene Waren - B"
Nos                     ,STO-COMP-2024-E008  ,LED Remote Control Plus         ,Fahrradkomponenten ,         89.99 ,                     1 ,                   0 ,             1 ,          1 ,"Kompakte LED-Fernbedienung, ergonomisches Design, 5 Unterstützungsstufen, Walk-Assist, Bluetooth"                                                                           ,           1 ,              ,                            1 ,             0 ,             1 ,               179.99 ,                      730 ,          0.045 ,Kg         ,                     ,EBIKE-2024-         ,"5000 - Aufwendungen f. Roh-, Hilfs- und Betriebsstoffe und f. bezogene Waren - B"
Nos                     ,STO-COMP-2024-E009  ,Smart System Controller         ,Fahrradkomponenten ,        179.99 ,                     1 ,                   0 ,             1 ,          1 ,"E-Bike Systemcontroller, Smart Features, Over-the-Air Updates, Diebstahlschutz, Activity Tracking"                                                                          ,           1 ,              ,                            1 ,             0 ,             1 ,               359.99 ,                      730 ,          0.2   ,Kg         ,                     ,EBIKE-2024-         ,"5000 - Aufwendungen f. Roh-, Hilfs- und Betriebsstoffe und f. bezogene Waren - B"
Nos                     ,STO-COMP-2024-E010  ,Fast Charger Pro                ,Fahrradkomponenten ,        129.99 ,                     1 ,                   0 ,             1 ,          1 ,"Schnellladegerät 6A, aktive Kühlung, Smart Charging Technologie, LED-Statusanzeige, kompaktes Design"                                                                       ,           1 ,              ,                            1 ,             0 ,             1 ,               259.99 ,                      730 ,          0.8   ,Kg         ,                     ,EBIKE-2024-         ,"5000 - Aufwendungen f. Roh-, Hilfs- und Betriebsstoffe und f. bezogene Waren - B"
Nos                     ,STO-COMP-2024-F001  ,Race Carbon Frame Pro           ,Fahrradkomponenten ,       1499.99 ,                     1 ,                   0 ,             1 ,          1 ,"Premium Carbon-Rennradrahmen, UCI-zertifiziert, integrierte Kabelführung, aerodynamisch optimiert, BB386EVO, Disc-only, 820g (Größe 54)"                                    ,           1 ,              ,                            1 ,             0 ,             1 ,              2999.99 ,                     3650 ,          0.82  ,Kg         ,                     ,FRAME-2024-         ,"5000 - Aufwendungen f. Roh-, Hilfs- und Betriebsstoffe und f. bezogene Waren - B"
Nos                     ,STO-COMP-2024-F002  ,MTB Carbon Frame Elite          ,Fahrradkomponenten ,       1299.99 ,                     1 ,                   0 ,             1 ,          1 ,"High-End Carbon MTB Rahmen, Boost 148x12mm, interne Zugführung, Carbon-Lagersitze, Größen: S-XL, 1180g (Größe M)"                                                           ,           1 ,              ,                            1 ,             0 ,             1 ,              2599.99 ,                     3650 ,          1.18  ,Kg         ,                     ,FRAME-2024-         ,"5000 - Aufwendungen f. Roh-, Hilfs- und Betriebsstoffe und f. bezogene Waren - B"
Nos                     ,STO-COMP-2024-F003  ,E-MTB Carbon Frame Advanced     ,Fahrradkomponenten ,       1599.99 ,                     1 ,                   0 ,             1 ,          1 ,"E-MTB Carbon-Rahmen, Shimano EP8/Bosch Gen4 kompatibel, integrierte Batterie-Aufnahme, verstärkte Lagerpunkte, 2400g (Größe M)"                                             ,           1 ,              ,                            1 ,             0 ,             1 ,              3199.99 ,                     3650 ,          2.40  ,Kg         ,                     ,FRAME-2024-         ,"5000 - Aufwendungen f. Roh-, Hilfs- und Betriebsstoffe und f. bezogene Waren - B"
Nos                     ,STO-COMP-2024-F004  ,Gravel Carbon Frame Pro         ,Fahrradkomponenten ,       1199.99 ,                     1 ,                   0 ,             1 ,          1 ,"Premium Gravel-Rahmen Carbon, Reifenfreiheit bis 45mm, Mounting-Points für Bikepacking, Flatmount Disc, 890g (Größe 54)"                                                    ,           1 ,              ,                            1 ,             0 ,             1 ,              2399.99 ,                     3650 ,          0.89  ,Kg         ,                     ,FRAME-2024-         ,"5000 - Aufwendungen f. Roh-, Hilfs- und Betriebsstoffe und f. bezogene Waren - B"
Nos                     ,STO-COMP-2024-F005  ,City E-Bike Frame Comfort       ,Fahrradkomponenten ,        699.99 ,                     1 ,                   0 ,             1 ,          1 ,"Aluminium E-City-Bike Rahmen, tiefem Einstieg, Bosch Gen4 Integration, Gepäckträger-Aufnahme, Größen: S-L, 2900g (Größe M)"                                                 ,           1 ,              ,                            1 ,             0 ,             1 ,              1399.99 ,                     1825 ,          2.90  ,Kg         ,                     ,FRAME-2024-         ,"5000 - Aufwendungen f. Roh-, Hilfs- und Betriebsstoffe und f. bezogene Waren - B"
Nos                     ,STO-COMP-2024-F006  ,Race Carbon Fork Pro            ,Fahrradkomponenten ,        549.99 ,                     1 ,                   0 ,             1 ,          1 ,"Premium Carbon-Rennradgabel, Flatmount Disc, 12mm Steckachse, interne Zugführung, aerodynamisch optimiert, 350g"                                                            ,           1 ,              ,                            1 ,             0 ,             1 ,               899.99 ,                     3650 ,          0.35  ,Kg         ,                     ,FRAME-2024-         ,"5000 - Aufwendungen f. Roh-, Hilfs- und Betriebsstoffe und f. bezogene Waren - B"
Nos                     ,STO-COMP-2024-F007  ,MTB Carbon Fork Elite           ,Fahrradkomponenten ,        599.99 ,                     1 ,                   0 ,             1 ,          1 ,"Carbon MTB-Gabel, 29 Zoll, Boost 110x15mm, 44mm Offset, Tapered Schaft, Federwegssimulation, 580g"                                                                          ,           1 ,              ,                            1 ,             0 ,             1 ,              1199.99 ,                     1825 ,          0.58  ,Kg         ,                     ,FRAME-2024-         ,"5000 - Aufwendungen f. Roh-, Hilfs- und Betriebsstoffe und f. bezogene Waren - B"
Nos                     ,STO-COMP-2024-F008  ,Gravel Carbon Fork Advanced     ,Fahrradkomponenten ,        449.99 ,                     1 ,                   0 ,             1 ,          1 ,"Gravel-spezifische Carbongabel, Anything-Cage Montage-Points, 12mm Steckachse, Flatmount, 400g"                                                                             ,           1 ,              ,                            1 ,             0 ,             1 ,               899.99 ,                     1825 ,          0.40  ,Kg         ,                     ,FRAME-2024-         ,"5000 - Aufwendungen f. Roh-, Hilfs- und Betriebsstoffe und f. bezogene Waren - B"
Nos                     ,STO-COMP-2024-F009  ,Race Aluminium Frame Pro        ,Fahrradkomponenten ,        399.99 ,                     1 ,                   0 ,             1 ,          1 ,"Hochwertiger Aluminium-Rennradrahmen, Triple-butted 6069, Race-Geometrie, BSA Innenlager, 1250g (Größe 54)"                                                                 ,           1 ,              ,                            1 ,             0 ,             1 ,               799.99 ,                     1825 ,          1.25  ,Kg         ,                     ,FRAME-2024-         ,"5000 - Aufwendungen f. Roh-, Hilfs- und Betriebsstoffe und f. bezogene Waren - B"
Nos                     ,STO-COMP-2024-F010  ,MTB Aluminium Frame Sport       ,Fahrradkomponenten ,        299.99 ,                     1 ,                   0 ,             1 ,          1 ,"MTB Aluminium-Rahmen, 6061-T6, moderne Trail-Geometrie, Boost-Standard, Tapered Steuerrohr, 1680g (Größe M)"                                                                ,           1 ,              ,                            1 ,             0 ,             1 ,               599.99 ,                     1825 ,          1.68  ,Kg         ,                     ,FRAME-2024-         ,"5000 - Aufwendungen f. Roh-, Hilfs- und Betriebsstoffe und f. bezogene Waren - B"
Nos                     ,STO-BIKE-2024-0003  ,Velo Gravel Adventure           ,Fahrräder          ,       4334.89 ,                     1 ,                   0 ,             0 ,          1 ,"Vielseitiges Gravel-Bike mit Shimano GRX Ausstattung. Perfekt für Abenteuer auf und abseits der Straße."                                                                    ,             ,            1 ,                            1 ,             0 ,             1 ,              7499.99 ,                      730 ,          8.9   ,Kg         ,BIKE-2024-           ,                    ,"5000 - Aufwendungen f. Roh-, Hilfs- und Betriebsstoffe und f. bezogene Waren - B"
Nos                     ,STO-BIKE-2024-0004  ,Velo Trekking Tour              ,Fahrräder          ,       2874.89 ,                     1 ,                   0 ,             0 ,          1 ,"Solides Trekking-Bike mit Shimano Deore Ausstattung. Zuverlässiger Begleiter für Touren und Alltag."                                                                        ,             ,            1 ,                            1 ,             0 ,             1 ,              4999.99 ,                      730 ,          9.2   ,Kg         ,BIKE-2024-           ,                    ,"5000 - Aufwendungen f. Roh-, Hilfs- und Betriebsstoffe und f. bezogene Waren - B"
