ID,Status,Annual Revenue,Blog Subscriber,Campaign Name,City,Company,Country,Disabled,Email,Fax,First Name,From Customer,Full Name,Gender,Industry,Job Title,Last Name,Lead Owner,Lead Type,Market Segment,Mobile No,No of Employees,Organization Name,Phone,Print Language,Qualification Status,Qualified By,Qualified on,Request Type,Salutation,Source,Territory,Unsubscribed,Website
LEAD-39806,Lost Quotation,750710,0,CAMP-0003,Neustadtner Waldnaab,Chain Weitzel GbR,Germany,0,nohlmanshans-martin@kreusel.de,(07611) 144887,James,,Mr James Ritter,Male,Software,Drogist,Ritter,hilma.juettner@velo-gmbh.de,Consultant,Middle Income,+49(0)2586599623,201-500,Chain Weitzel GbR,09856 628160,de,Unqualified,,,Product Enquiry,Mr,Mass Mailing,Switzerland,0,http://geisel.com/
LEAD-27161,Interested,278110,0,CAMP-0011,Northeim,Cycle Gumprich KG,Germany,0,gutknechtsuekrue@beyer.com,+49(0)6950 09693,Jenny,,Dr Jenny Kraushaar,Male,Agriculture,Bäcker,Kraushaar,sophie.trubin@velo-gmbh.de,Channel Partner,Lower Income,+49(0)6741 03660,1-10,Cycle Gumprich KG,(03240) 508545,de,Unqualified,,,Product Enquiry,Dr,Cold Calling,Switzerland,0,https://www.trommler.com/
LEAD-84560,Replied,7963690,1,CAMP-0006,Gallneukirchen,Chain Zimmer OHG,Austria,0,klappnatascha@knappe.org,09872 418962,Ramon,,Dr Ramon Misicher,Male,Education,Artist,Misicher,jolanda.schoenland@velo-gmbh.de,Channel Partner,Upper Income,07765955363,1-10,Chain Zimmer OHG,+49 (0) 7674 380258,de,Unqualified,,,Product Enquiry,Dr,Mass Mailing,Austria,0,https://www.kaester.net/
LEAD-14981,Lost Quotation,2072914,1,CAMP-0010,Kulmbach,Gear Hölzenbecher e.K.,Germany,0,drubmustafa@schomber.de,05890992943,Burckhard,,Ms Burckhard Ladeck,Female,Grocery,Mathematiker,Ladeck,apostolos.scholtz@velo-gmbh.de,Consultant,Lower Income,01492 90652,1-10,Gear Hölzenbecher e.K.,00213 03258,de,Unqualified,,,Product Enquiry,Ms,Supplier Reference,Switzerland,0,https://schlosser.com/
LEAD-31271,Replied,3032034,0,CAMP-0004,Tübingen,Frame Trubin GmbH,Germany,0,qdippel@etzold.com,06867 91982,Wilfriede,,Dr Wilfriede Scheel,Female,Internet Publishing,Mathematiker,Scheel,lieschen.etzler@velo-gmbh.de,Channel Partner,Middle Income,+49(0)1925 745358,51-200,Frame Trubin GmbH,+49(0)3333 07405,de,Unqualified,,,Product Enquiry,Dr,Reference,Germany,0,https://roehricht.de/
LEAD-3634,Open,101973,0,CAMP-0011,Feuchtwangen,Cycle Säuberlich AG,Germany,0,pgumprich@kambs.com,+49 (0) 8772 843135,Hans-Dieter,,Ms Hans-Dieter Butte,Female,Automotive,Pfleger,Butte,mato.pruschke@velo-gmbh.de,Consultant,Middle Income,05301 867932,1000+,Cycle Säuberlich AG,+49(0)1751 076135,de,Unqualified,,,Product Enquiry,Ms,Cold Calling,Switzerland,0,http://linke.com/
LEAD-4571,Opportunity,1567641,1,CAMP-0008,Rüti,Ride Stoll KG,Switzerland,0,anatolvogt@renner.org,05589 659381,Kirsten,,Dr Kirsten Jacob,Female,Health Care,Pilot,Jacob,marzena.kramer@velo-gmbh.de,Consultant,Lower Income,00490 09064,501-1000,Ride Stoll KG,+49 (0) 1690 812572,de,Qualified,marzena.kramer@velo-gmbh.de,2024-07-03,Product Enquiry,Dr,Customer's Vendor,Germany,0,https://www.zahn.de/
LEAD-25084,Lost Quotation,8627126,1,CAMP-0003,Gloggnitz,Cycle Roht KG,Austria,0,dennyknappe@kraushaar.de,09924652858,Mark,,Ms Mark Barth,Male,Service,Winzer,Barth,johanne.winkler@velo-gmbh.de,Channel Partner,Middle Income,+49(0) 157300217,11-50,Cycle Roht KG,(03200) 99035,de,Unqualified,,,Product Enquiry,Ms,Supplier Reference,Austria,0,http://klemt.com/
LEAD-13514,Open,1438494,1,CAMP-0014,Münchenbuchsee,Ride Pohl KG,Switzerland,0,arndtsiering@finke.net,06942778237,Angela,,Mr Angela Gorlitz,Male,Energy,Designer,Gorlitz,agatha.saeuberlich@velo-gmbh.de,Client,Lower Income,+49(0)0393230596,11-50,Ride Pohl KG,+49(0)0750869834,de,Unqualified,,,Product Enquiry,Mr,Reference,Austria,0,https://www.muelichen.com/
LEAD-57799,Opportunity,1354394,1,CAMP-0003,Bad Liebenwerda,Pedal Gude e.K.,Germany,0,leylaotto@mude.org,0197846376,Irmtraut,,Mr Irmtraut Warmer,Male,Department Stores,Krankenschwester,Warmer,dimitri.gerlach@velo-gmbh.de,Consultant,Lower Income,+49(0)2758 36630,201-500,Pedal Gude e.K.,05891 68424,de,Qualified,dimitri.gerlach@velo-gmbh.de,2024-07-15,Product Enquiry,Mr,Customer's Vendor,Austria,0,http://www.koehler.net/
LEAD-33808,Converted,1883885,1,CAMP-0020,Nyon,Pedal Mies OHG,Switzerland,0,florajaekel@siering.com,+49(0)9660 94872,Recep,,Mr Recep Klemm,Male,Publishing,Polizist,Klemm,johanne.winkler@velo-gmbh.de,Consultant,Lower Income,+49(0)1932 580703,51-200,Pedal Mies OHG,+49(0)2687 867245,de,Qualified,johanne.winkler@velo-gmbh.de,2024-07-25,Product Enquiry,Mr,Advertisement,Germany,0,https://ullmann.org/
LEAD-38638,Quotation,837724,0,CAMP-0020,Möhlin,Pedal Mies OHG,Switzerland,0,hamannkira@gierschner.com,(08221) 56449,Hans-Dietrich,,Mr Hans-Dietrich Weihmann,Female,Venture Capital,Forstwirt,Weihmann,marzena.kramer@velo-gmbh.de,Client,Lower Income,08111 010668,11-50,Pedal Mies OHG,0542378367,de,Qualified,marzena.kramer@velo-gmbh.de,2024-07-10,Product Enquiry,Mr,Supplier Reference,Switzerland,0,https://ullmann.org/
LEAD-5944,Replied,2652865,1,CAMP-0019,Köflach,Wheel Rogner KG,Austria,0,opatberg@mies.com,(03879) 658797,Adolfine,,Mr Adolfine Klemt,Male,Banking,Pilot,Klemt,jolanda.schoenland@velo-gmbh.de,Consultant,Middle Income,+49(0)8035473210,11-50,Wheel Rogner KG,06794 35580,de,Unqualified,,,Product Enquiry,Mr,Exhibition,Germany,0,https://giess.com/
LEAD-24355,Replied,7708652,1,CAMP-0019,Kreuzlingen,Gear Möchlichen OHG,Switzerland,0,piawagner@binner.de,0376311547,Mirella,,Dr Mirella Kostolzin,Male,Defense,Chirurgiemechaniker,Kostolzin,johanne.winkler@velo-gmbh.de,Channel Partner,Upper Income,07893 069901,11-50,Gear Möchlichen OHG,(08453) 031861,de,Unqualified,,,Product Enquiry,Dr,Cold Calling,Switzerland,0,https://karz.de/
LEAD-71531,Interested,6973365,1,CAMP-0020,Zell am See,Bike Steckel GbR,Austria,0,markschuchhardt@girschner.net,08429 64465,Elwira,,Mr Elwira Juncken,Male,Energy,Arzt,Juncken,jolanda.schoenland@velo-gmbh.de,Client,Lower Income,(06069) 41855,11-50,Bike Steckel GbR,06913236318,de,Unqualified,,,Product Enquiry,Mr,Walk In,Switzerland,0,http://www.schmiedt.net/
LEAD-81854,Lost Quotation,2282123,1,CAMP-0004,Tuttlingen,Frame Nerger KG,Germany,0,patriziabien@stadelmann.com,+49(0)3437 73912,Reginald,,Mr Reginald Müller,Female,Retail & Wholesale,Drogist,Müller,mato.pruschke@velo-gmbh.de,Consultant,Middle Income,0417381274,1-10,Frame Nerger KG,+49(0)6084 962292,de,Unqualified,,,Product Enquiry,Mr,Existing Customer,Austria,0,https://www.schuchhardt.de/
LEAD-44395,Converted,7188469,1,CAMP-0008,Korneuburg,Gear Killer GmbH,Austria,0,schoenlandmargrit@zimmer.de,(05740) 18874,Wolfhard,,Ms Wolfhard Mosemann,Female,Software,Arzt,Mosemann,johanne.winkler@velo-gmbh.de,Consultant,Lower Income,(06628) 71232,201-500,Gear Killer GmbH,+49(0) 344304313,de,Qualified,johanne.winkler@velo-gmbh.de,2024-07-25,Product Enquiry,Ms,Mass Mailing,Switzerland,0,https://krein.de/
LEAD-9368,Opportunity,1971068,0,CAMP-0003,Kulmbach,Frame Kreusel KG,Germany,0,carina34@kramer.org,+49(0)8960565393,Wojciech,,Ms Wojciech Kitzmann,Male,Consumer Products,Schornsteinfeger,Kitzmann,soeren.seifert@velo-gmbh.de,Channel Partner,Lower Income,+49(0)5134 06992,201-500,Frame Kreusel KG,(03863) 80993,de,Qualified,soeren.seifert@velo-gmbh.de,2024-07-09,Product Enquiry,Ms,Mass Mailing,Germany,0,https://gierschner.net/
LEAD-12010,Open,2646895,1,CAMP-0002,Wettingen,Bike Rädel AG,Switzerland,0,conradieileen@bien.com,(07699) 47542,Luciano,,Dr Luciano Weimer,Female,Biotechnology,Binnenschiffer,Weimer,johanne.winkler@velo-gmbh.de,Client,Middle Income,(06605) 70645,51-200,Bike Rädel AG,(01426) 267338,de,Unqualified,,,Product Enquiry,Dr,Existing Customer,Switzerland,0,https://kohl.com/
LEAD-25325,Replied,1721267,0,CAMP-0010,Weimar,Gear Hein OHG,Germany,0,sagerclaus-peter@pechel.de,0378003458,Mara,,Dr Mara Löchel,Female,Financial Services,Mathematiker,Löchel,apostolos.scholtz@velo-gmbh.de,Client,Middle Income,0334616589,1000+,Gear Hein OHG,03708 35712,de,Unqualified,,,Product Enquiry,Dr,Customer's Vendor,Austria,0,https://www.seifert.de/
LEAD-69643,Lost Quotation,577834,0,CAMP-0020,Traun,Frame Bärer KG,Austria,0,froehlichsebastian@holsten.de,+49 (0) 4574 973693,Sigrun,,Mr Sigrun Putz,Female,Internet Publishing,Mathematiker,Putz,sophie.trubin@velo-gmbh.de,Client,Lower Income,0254852606,501-1000,Frame Bärer KG,+49(0)0963 58315,de,Unqualified,,,Product Enquiry,Mr,Supplier Reference,Switzerland,0,http://mies.de/
LEAD-53325,Interested,997787,0,CAMP-0011,Sankt Veit an der Glan,Chain Klotz AG,Austria,0,karl-heinz67@taesche.com,03908 18231,Thekla,,Dr Thekla Weller,Female,Airline,Chirurgiemechaniker,Weller,herbert.zorbach@velo-gmbh.de,Client,Upper Income,+49(0) 495165703,1000+,Chain Klotz AG,+49(0)8469942097,de,Unqualified,,,Product Enquiry,Dr,Supplier Reference,Germany,0,https://holzapfel.com/
LEAD-80935,Opportunity,9961688,0,CAMP-0008,Deutschlandsberg,Bike Steckel GbR,Austria,0,agatheritter@walter.com,+49(0) 106474258,Urszula,,Ms Urszula Stey,Female,Cosmetics,Friseur,Stey,dimitri.gerlach@velo-gmbh.de,Consultant,Lower Income,+49(0)5341 025098,1000+,Bike Steckel GbR,0422547455,de,Qualified,dimitri.gerlach@velo-gmbh.de,2024-07-17,Product Enquiry,Ms,Customer's Vendor,Germany,0,http://www.schmiedt.net/
LEAD-13006,Lost Quotation,2054773,0,CAMP-0011,Hersbruck,Pedal Lachmann AG,Germany,0,zita90@fiebig.com,(07620) 936326,Hubert,,Mr Hubert Benthin,Female,Accounting,Chemikant,Benthin,dimitri.gerlach@velo-gmbh.de,Channel Partner,Middle Income,+49(0)9247594048,51-200,Pedal Lachmann AG,01185197731,de,Unqualified,,,Product Enquiry,Mr,Customer's Vendor,Germany,0,http://www.soeding.com/
LEAD-45135,Interested,4955754,0,CAMP-0002,Altstätten,Bike Hölzenbecher OHG,Switzerland,0,pawelbiggen@koehler.net,(00740) 06731,Herwig,,Ms Herwig Eckbauer,Female,Health Care,Winzer,Eckbauer,johanne.winkler@velo-gmbh.de,Consultant,Upper Income,(08233) 13396,501-1000,Bike Hölzenbecher OHG,0976795179,de,Unqualified,,,Product Enquiry,Ms,Reference,Switzerland,0,http://mude.de/
LEAD-74655,Opportunity,4065077,1,CAMP-0019,Lugano,Velocity Thanel AG,Switzerland,0,albert32@doerschner.de,00210 06130,Drago,,Ms Drago Weller,Female,Biotechnology,Winzer,Weller,agatha.saeuberlich@velo-gmbh.de,Client,Middle Income,+49(0)4338728276,1000+,Velocity Thanel AG,+49(0) 947970943,de,Qualified,agatha.saeuberlich@velo-gmbh.de,2024-07-07,Product Enquiry,Ms,Walk In,Germany,0,http://auch.com/
LEAD-17532,Quotation,4340797,0,CAMP-0019,Val-de-Travers,Velocity Thanel AG,Switzerland,0,hesseedith@fechner.org,0451106695,Hans-Karl,,Mr Hans-Karl Kranz,Female,Pension Funds,Krankenschwester,Kranz,lieschen.etzler@velo-gmbh.de,Channel Partner,Upper Income,+49(0)5911 714188,1-10,Velocity Thanel AG,06739562944,de,Qualified,lieschen.etzler@velo-gmbh.de,2024-07-12,Product Enquiry,Mr,Supplier Reference,Germany,0,http://auch.com/
LEAD-87525,Interested,5137144,1,CAMP-0014,Kötzting,Pedal Lachmann AG,Germany,0,ingoschueler@stoll.com,(06444) 089039,Hans-Dietrich,,Dr Hans-Dietrich Holsten,Male,Education,Forstwirt,Holsten,soeren.seifert@velo-gmbh.de,Consultant,Upper Income,+49(0) 513463128,201-500,Pedal Lachmann AG,+49(0)5693 966033,de,Unqualified,,,Product Enquiry,Dr,Existing Customer,Germany,0,http://www.soeding.com/
LEAD-89331,Interested,2132638,0,CAMP-0008,Traiskirchen,Cycle Roht KG,Austria,0,mielcarekharm@drub.org,(04324) 97891,Katy,,Mr Katy Schinke,Male,Grocery,Schornsteinfeger,Schinke,herbert.zorbach@velo-gmbh.de,Consultant,Upper Income,0195490158,51-200,Cycle Roht KG,00626 570538,de,Unqualified,,,Product Enquiry,Mr,Mass Mailing,Switzerland,0,http://klemt.com/
LEAD-20590,Opportunity,764301,1,CAMP-0012,Bad Langensalza,Chain Döhn e.K.,Germany,0,gotthilf59@faust.org,0471293014,Waldemar,,Dr Waldemar Bloch,Female,Real Estate,Techniker,Bloch,sophie.trubin@velo-gmbh.de,Consultant,Upper Income,0816221212,51-200,Chain Döhn e.K.,+49(0)7216 79017,de,Qualified,sophie.trubin@velo-gmbh.de,2024-07-03,Product Enquiry,Dr,Supplier Reference,Switzerland,0,http://www.weller.net/
LEAD-77929,Open,9904774,1,CAMP-0001,Stuttgart,Frame Kreusel KG,Germany,0,esteinberg@pruschke.de,+49(0)2782 52695,Ehrenfried,,Dr Ehrenfried Bruder,Male,Education,Informatiker,Bruder,herbert.zorbach@velo-gmbh.de,Consultant,Middle Income,(05639) 454324,1-10,Frame Kreusel KG,+49 (0) 9019 246174,de,Unqualified,,,Product Enquiry,Dr,Cold Calling,Austria,0,https://gierschner.net/
LEAD-1594,Open,7058045,0,CAMP-0010,Enns,Chain Klotz AG,Austria,0,ikramer@weinhold.com,(01932) 13432,Harold,,Ms Harold Eckbauer,Male,Sports,Mathematiker,Eckbauer,hilma.juettner@velo-gmbh.de,Consultant,Upper Income,03660688157,51-200,Chain Klotz AG,(06370) 75025,de,Unqualified,,,Product Enquiry,Ms,Walk In,Switzerland,0,https://holzapfel.com/
LEAD-13118,Converted,9832358,0,CAMP-0019,Martigny,Ride Gnatz KG,Switzerland,0,maximgotthard@wulff.de,(00725) 009154,Reingard,,Ms Reingard Junck,Male,Agriculture,Pfleger,Junck,agatha.saeuberlich@velo-gmbh.de,Consultant,Upper Income,09322385161,501-1000,Ride Gnatz KG,+49 (0) 4606 821157,de,Qualified,agatha.saeuberlich@velo-gmbh.de,2024-07-22,Product Enquiry,Ms,Walk In,Germany,0,https://www.doerr.de/
LEAD-40870,Lost Quotation,9483080,0,CAMP-0009,Brand,Frame Kreusel KG,Germany,0,gbaum@barkholz.com,+49(0)0779 23226,Wieslaw,,Mr Wieslaw Bolzmann,Female,Defense,Beamter,Bolzmann,apostolos.scholtz@velo-gmbh.de,Client,Lower Income,+49(0)7244 85975,51-200,Frame Kreusel KG,+49 (0) 7997 997558,de,Unqualified,,,Product Enquiry,Mr,Cold Calling,Austria,0,https://gierschner.net/
LEAD-6514,Quotation,7874341,1,CAMP-0017,Eilenburg,Frame Trubin GmbH,Germany,0,zbudig@jopich.com,+49(0)8347931950,Serpil,,Ms Serpil Gehringer,Female,Department Stores,Friseur,Gehringer,apostolos.scholtz@velo-gmbh.de,Client,Middle Income,05519970216,1000+,Frame Trubin GmbH,05267271674,de,Qualified,apostolos.scholtz@velo-gmbh.de,2024-07-26,Product Enquiry,Ms,Advertisement,Switzerland,0,https://roehricht.de/
LEAD-19625,Interested,3220439,1,CAMP-0017,Korneuburg,Chain Klotz AG,Austria,0,gmies@loeffler.com,+49(0)1818 786676,Hans-Friedrich,,Dr Hans-Friedrich Paffrath,Male,Grocery,Friseur,Paffrath,johanne.winkler@velo-gmbh.de,Channel Partner,Upper Income,+49 (0) 7952 773495,201-500,Chain Klotz AG,0482821170,de,Unqualified,,,Product Enquiry,Dr,Campaign,Germany,0,https://holzapfel.com/
LEAD-54366,Interested,6954130,1,CAMP-0001,Mureck,Chain Graf KG,Austria,0,strupp@schaefer.de,0133324607,Ehrhard,,Ms Ehrhard Hertrampf,Female,Broadcasting,Beamter,Hertrampf,soeren.seifert@velo-gmbh.de,Client,Middle Income,+49(0)0250 19630,51-200,Chain Graf KG,+49(0)7443 37755,de,Unqualified,,,Product Enquiry,Ms,Advertisement,Austria,0,https://www.lehmann.net/
LEAD-30439,Quotation,3999712,0,CAMP-0006,Nabburg,Velocity Wieloch KG,Germany,0,dietzveronique@haenel.de,+49(0)3095086169,Leopold,,Dr Leopold Ring,Female,Music,Augenoptiker,Ring,mato.pruschke@velo-gmbh.de,Client,Upper Income,03410146824,11-50,Velocity Wieloch KG,(02824) 30913,de,Qualified,mato.pruschke@velo-gmbh.de,2024-07-10,Product Enquiry,Dr,Existing Customer,Switzerland,0,http://wohlgemut.org/
LEAD-76500,Opportunity,6546373,0,CAMP-0010,Bitterfeld,Gear Hölzenbecher e.K.,Germany,0,fritz72@schmidt.org,+49(0)4618300825,Sepp,,Dr Sepp Dörr,Male,Technology,Bankkaufmann,Dörr,herbert.zorbach@velo-gmbh.de,Consultant,Lower Income,01632 404920,501-1000,Gear Hölzenbecher e.K.,(05433) 167158,de,Qualified,herbert.zorbach@velo-gmbh.de,2024-07-11,Product Enquiry,Dr,Advertisement,Switzerland,0,https://schlosser.com/
LEAD-28858,Converted,5065072,0,CAMP-0007,Münchenstein,Cycle Fliegner AG,Switzerland,0,recepbudig@raedel.net,(03500) 97735,Lothar,,Dr Lothar Weinhold,Female,Securities & Commodity Exchanges,Mathematiker,Weinhold,hilma.juettner@velo-gmbh.de,Consultant,Upper Income,(03145) 802736,11-50,Cycle Fliegner AG,(01705) 91604,de,Qualified,hilma.juettner@velo-gmbh.de,2024-07-10,Product Enquiry,Dr,Cold Calling,Switzerland,0,http://www.muelichen.org/
LEAD-72107,Quotation,6587801,0,CAMP-0019,Hersbruck,Pedal Gude e.K.,Germany,0,reinholdkoehler@adolph.de,+49(0)5434 52113,Ruthild,,Mr Ruthild Barth,Male,Motion Picture & Video,Koreanistiker,Barth,johanne.winkler@velo-gmbh.de,Channel Partner,Middle Income,(03787) 86188,1000+,Pedal Gude e.K.,09504522085,de,Qualified,johanne.winkler@velo-gmbh.de,2024-07-07,Product Enquiry,Mr,Campaign,Austria,0,http://www.koehler.net/
LEAD-48296,Interested,8203710,1,CAMP-0001,Kapfenberg,Frame Bärer KG,Austria,0,theodor66@schacht.de,+49 (0) 2583 721440,Stanislaw,,Mr Stanislaw auch Schlauchin,Female,Energy,Winzer,auch Schlauchin,jolanda.schoenland@velo-gmbh.de,Consultant,Lower Income,(09961) 36985,1000+,Frame Bärer KG,(08224) 484758,de,Unqualified,,,Product Enquiry,Mr,Walk In,Austria,0,http://mies.de/
LEAD-10163,Quotation,5605198,0,CAMP-0005,Feuchtwangen,Velocity Wieloch KG,Germany,0,gumprichjoanna@schlosser.net,02040906542,Amalia,,Ms Amalia Neuschäfer,Female,Airline,Artist,Neuschäfer,apostolos.scholtz@velo-gmbh.de,Channel Partner,Lower Income,(00492) 21157,51-200,Velocity Wieloch KG,(07565) 31417,de,Qualified,apostolos.scholtz@velo-gmbh.de,2024-07-16,Product Enquiry,Ms,Advertisement,Switzerland,0,http://wohlgemut.org/
LEAD-62087,Interested,1655108,0,CAMP-0008,Langenlois,Bike Ullrich OHG,Austria,0,frudolph@briemer.net,+49(0)4495 56718,Mareile,,Dr Mareile Römer,Male,Private Equity,Schornsteinfeger,Römer,agatha.saeuberlich@velo-gmbh.de,Consultant,Upper Income,+49 (0) 8175 800322,51-200,Bike Ullrich OHG,05357 41434,de,Unqualified,,,Product Enquiry,Dr,Customer's Vendor,Germany,0,http://benthin.net/
LEAD-20528,Replied,7821561,0,CAMP-0013,Schlieren,Ride Pohl KG,Switzerland,0,carlos08@zirme.net,+49(0)1556 247429,Tim,,Dr Tim Jessel,Male,Financial Services,Techniker,Jessel,agatha.saeuberlich@velo-gmbh.de,Channel Partner,Upper Income,(01683) 12106,11-50,Ride Pohl KG,09441661325,de,Unqualified,,,Product Enquiry,Dr,Supplier Reference,Austria,0,https://www.muelichen.com/
LEAD-90077,Interested,1237980,1,CAMP-0019,Friesach,Velocity Kusch e.K.,Austria,0,mnerger@eckbauer.com,08968 67053,Volker,,Dr Volker Hoffmann,Female,Brokerage,Forstwirt,Hoffmann,irmingard.textor@velo-gmbh.de,Channel Partner,Middle Income,0476336177,1000+,Velocity Kusch e.K.,+49(0) 824358559,de,Unqualified,,,Product Enquiry,Dr,Walk In,Austria,0,http://trommler.com/
LEAD-41705,Quotation,8961334,1,CAMP-0011,Holzminden,Bike Häring e.K.,Germany,0,xsoeding@speer.de,01861 98231,Danica,,Ms Danica Loos,Male,Broadcasting,Chemikant,Loos,johanne.winkler@velo-gmbh.de,Consultant,Upper Income,+49(0)4126 38789,11-50,Bike Häring e.K.,09690988568,de,Qualified,johanne.winkler@velo-gmbh.de,2024-07-22,Product Enquiry,Ms,Customer's Vendor,Austria,0,http://www.holsten.de/
LEAD-96861,Replied,868554,1,CAMP-0006,Zollikofen,Bike Mende AG,Switzerland,0,mstadelmann@hethur.com,+49(0)2519568389,Andre,,Ms Andre Beer,Female,Sports,Medizininformatiker,Beer,irmingard.textor@velo-gmbh.de,Client,Lower Income,+49(0)3717 22858,501-1000,Bike Mende AG,05578 07463,de,Unqualified,,,Product Enquiry,Ms,Existing Customer,Germany,0,http://www.klingelhoefer.com/
LEAD-28745,Converted,7229959,0,CAMP-0002,Sankt Valentin,Wheel Fliegner OHG,Austria,0,kramerstefanie@kohl.de,(08991) 82262,Veli,,Ms Veli Reising,Female,Apparel & Accessories,Programmierer,Reising,herbert.zorbach@velo-gmbh.de,Client,Middle Income,+49(0)8830 98871,11-50,Wheel Fliegner OHG,(08841) 65530,de,Qualified,herbert.zorbach@velo-gmbh.de,2024-07-17,Product Enquiry,Ms,Reference,Austria,0,http://walter.de/
LEAD-7619,Replied,1739447,0,CAMP-0017,Bad Freienwalde,Cycle Säuberlich AG,Germany,0,ztrupp@niemeier.net,+49 (0) 5267 979596,Sinaida,,Dr Sinaida Gunpf,Male,Cosmetics,Elektroniker,Gunpf,soeren.seifert@velo-gmbh.de,Channel Partner,Upper Income,0598378357,201-500,Cycle Säuberlich AG,+49 (0) 5466 672147,de,Unqualified,,,Product Enquiry,Dr,Customer's Vendor,Germany,0,http://linke.com/
LEAD-36791,Converted,6433977,0,CAMP-0004,Lienz,Pedal Mälzer OHG,Austria,0,rotraut66@zobel.de,09497 73791,Siegbert,,Dr Siegbert Renner,Female,Apparel & Accessories,Pfleger,Renner,sophie.trubin@velo-gmbh.de,Consultant,Middle Income,+49(0) 338726436,51-200,Pedal Mälzer OHG,05860 152896,de,Qualified,sophie.trubin@velo-gmbh.de,2024-07-07,Product Enquiry,Dr,Walk In,Austria,0,http://schuchhardt.org/
LEAD-97107,Lost Quotation,6212795,1,CAMP-0001,Bad Sankt Leonhard im Lavanttal,Frame Bärer KG,Austria,0,hannahsoelzer@buchholz.com,(03428) 08038,Henri,,Ms Henri Gunpf,Female,Real Estate,Schornsteinfeger,Gunpf,agatha.saeuberlich@velo-gmbh.de,Client,Lower Income,+49(0)7153088750,1000+,Frame Bärer KG,+49(0)3075 915853,de,Unqualified,,,Product Enquiry,Ms,Customer's Vendor,Germany,0,http://mies.de/
LEAD-52624,Lost Quotation,3744921,1,CAMP-0019,Knittelfeld,Ride Tintzmann GbR,Austria,0,kamilbeyer@benthin.org,+49(0)6544 346002,Damian,,Mr Damian Stadelmann,Male,Chemical,Fachinformatiker,Stadelmann,hilma.juettner@velo-gmbh.de,Channel Partner,Middle Income,+49(0)0270 817759,1000+,Ride Tintzmann GbR,09639 476046,de,Unqualified,,,Product Enquiry,Mr,Exhibition,Austria,0,http://ullmann.de/
LEAD-27659,Replied,1644018,0,CAMP-0019,Plan-les-Ouates,Bike Rädel AG,Switzerland,0,renata38@textor.de,+49 (0) 1874 897575,Kerstin,,Ms Kerstin Ziegert,Female,Department Stores,Chirurgiemechaniker,Ziegert,hilma.juettner@velo-gmbh.de,Client,Middle Income,08873 867063,11-50,Bike Rädel AG,(01682) 591662,de,Unqualified,,,Product Enquiry,Ms,Exhibition,Switzerland,0,https://kohl.com/
LEAD-90553,Open,2301169,1,CAMP-0006,Bern,Bike Mende AG,Switzerland,0,aschuster@huebel.org,+49(0) 435877035,Kay-Uwe,,Mr Kay-Uwe Freudenberger,Female,Advertising,Elektroniker,Freudenberger,herbert.zorbach@velo-gmbh.de,Channel Partner,Upper Income,0580152591,51-200,Bike Mende AG,+49(0)3102079763,de,Unqualified,,,Product Enquiry,Mr,Advertisement,Austria,0,http://www.klingelhoefer.com/
LEAD-34164,Replied,9932461,1,CAMP-0017,Fürstenwalde,Frame Trubin GmbH,Germany,0,karl-heinz38@speer.com,08824 950480,Valeska,,Dr Valeska Kuhl,Female,Apparel & Accessories,Programmierer,Kuhl,dimitri.gerlach@velo-gmbh.de,Consultant,Lower Income,0599832415,1-10,Frame Trubin GmbH,(00892) 826642,de,Unqualified,,,Product Enquiry,Dr,Customer's Vendor,Switzerland,0,https://roehricht.de/
LEAD-24432,Replied,9026973,0,CAMP-0020,Starnberg,Gear Hölzenbecher e.K.,Germany,0,hkobelt@geissler.de,+49(0)4664 35656,Dunja,,Ms Dunja Tlustek,Female,Executive Search,Techniker,Tlustek,jolanda.schoenland@velo-gmbh.de,Channel Partner,Middle Income,+49(0)9310989237,201-500,Gear Hölzenbecher e.K.,06192 68475,de,Unqualified,,,Product Enquiry,Ms,Supplier Reference,Switzerland,0,https://schlosser.com/
LEAD-94808,Interested,8320427,1,CAMP-0005,Pößneck,Pedal Mielcarek KG,Germany,0,lorenzokarz@schaefer.de,(06713) 740021,Zdravko,,Dr Zdravko Aumann,Female,Online Auctions,Pfleger,Aumann,hilma.juettner@velo-gmbh.de,Channel Partner,Upper Income,02287 21473,201-500,Pedal Mielcarek KG,+49(0)4699 658525,de,Unqualified,,,Product Enquiry,Dr,Walk In,Switzerland,0,https://stoll.com/
LEAD-55071,Converted,706073,1,CAMP-0017,Ebersberg,Gear Hein OHG,Germany,0,gehringerhedy@drub.de,(02091) 555783,Waltrud,,Ms Waltrud Täsche,Female,Private Equity,Friseur,Täsche,dimitri.gerlach@velo-gmbh.de,Consultant,Middle Income,(05756) 53210,51-200,Gear Hein OHG,01010 05653,de,Qualified,dimitri.gerlach@velo-gmbh.de,2024-07-26,Product Enquiry,Ms,Existing Customer,Austria,0,https://www.seifert.de/
LEAD-7347,Open,4869115,1,CAMP-0013,Vohenstrauß,Cycle Wagenknecht OHG,Germany,0,bozena08@striebitz.de,05520 57423,Nicole,,Mr Nicole Lehmann,Male,Television,Techniker,Lehmann,lieschen.etzler@velo-gmbh.de,Channel Partner,Lower Income,+49(0) 967425177,51-200,Cycle Wagenknecht OHG,05322 97739,de,Unqualified,,,Product Enquiry,Mr,Cold Calling,Germany,0,http://scheel.com/
LEAD-8732,Opportunity,9629938,1,CAMP-0002,Rust,Velocity Kusch e.K.,Austria,0,antefoerster@ackermann.com,02722491487,Giuseppina,,Dr Giuseppina Steuer,Male,Defense,Bäcker,Steuer,apostolos.scholtz@velo-gmbh.de,Consultant,Middle Income,+49(0)5514 83348,201-500,Velocity Kusch e.K.,+49(0) 550504080,de,Qualified,apostolos.scholtz@velo-gmbh.de,2024-07-12,Product Enquiry,Dr,Existing Customer,Switzerland,0,http://trommler.com/
LEAD-60829,Quotation,1721313,0,CAMP-0016,Oberwälz,Frame Lehmann GbR,Austria,0,kristinaruppert@hecker.net,05023 34694,Hatice,,Dr Hatice Neuschäfer,Female,Private Equity,Pfleger,Neuschäfer,apostolos.scholtz@velo-gmbh.de,Client,Upper Income,09411170484,501-1000,Frame Lehmann GbR,+49(0)5831 516586,de,Qualified,apostolos.scholtz@velo-gmbh.de,2024-07-13,Product Enquiry,Dr,Customer's Vendor,Germany,0,http://www.scheel.org/
LEAD-86343,Opportunity,7832717,1,CAMP-0020,Mittweida,Chain Weitzel GbR,Germany,0,langernlutz@gehringer.de,+49(0)3331 694498,Kathy,,Mr Kathy Liebelt,Female,Biotechnology,Bäcker,Liebelt,dimitri.gerlach@velo-gmbh.de,Consultant,Lower Income,+49(0)9903 87723,1-10,Chain Weitzel GbR,+49 (0) 9332 962734,de,Qualified,dimitri.gerlach@velo-gmbh.de,2024-07-31,Product Enquiry,Mr,Advertisement,Switzerland,0,http://geisel.com/
LEAD-58688,Replied,4818732,0,CAMP-0017,Zeltweg,Pedal Ullrich AG,Austria,0,sahin79@hellwig.com,+49(0) 390982541,Insa,,Mr Insa Dussen van,Male,Television,Artist,Dussen van,jolanda.schoenland@velo-gmbh.de,Client,Middle Income,+49(0)6449 66464,501-1000,Pedal Ullrich AG,+49 (0) 6863 669611,de,Unqualified,,,Product Enquiry,Mr,Existing Customer,Austria,0,https://segebahn.de/
LEAD-31817,Replied,6204122,0,CAMP-0015,Olpe,Gear Hein OHG,Germany,0,annikraushaar@nerger.com,00608 26024,Liselotte,,Mr Liselotte Heidrich,Female,Aerospace,Friseur,Heidrich,irmingard.textor@velo-gmbh.de,Client,Middle Income,00798 303555,1000+,Gear Hein OHG,09378 61071,de,Unqualified,,,Product Enquiry,Mr,Reference,Austria,0,https://www.seifert.de/
LEAD-99496,Interested,5482159,0,CAMP-0006,Pratteln,Bike Hölzenbecher OHG,Switzerland,0,berthapruschke@stumpf.com,+49 (0) 7209 014076,Salih,,Ms Salih Naser,Male,Education,Bäcker,Naser,sophie.trubin@velo-gmbh.de,Consultant,Upper Income,(00291) 212169,201-500,Bike Hölzenbecher OHG,09765 10436,de,Unqualified,,,Product Enquiry,Ms,Supplier Reference,Austria,0,http://mude.de/
LEAD-39328,Lost Quotation,7678412,1,CAMP-0018,Horgen,Ride Gnatz KG,Switzerland,0,rosemanningetraud@thanel.de,+49(0)2773156928,Jann,,Dr Jann Becker,Male,Television,Mathematiker,Becker,johanne.winkler@velo-gmbh.de,Client,Middle Income,+49(0)6215 39832,501-1000,Ride Gnatz KG,+49(0)1102208703,de,Unqualified,,,Product Enquiry,Dr,Existing Customer,Germany,0,https://www.doerr.de/
LEAD-9067,Quotation,7310353,0,CAMP-0015,Wittmund,Bike Häring e.K.,Germany,0,dariabruder@klemm.org,(07307) 279362,Gesine,,Dr Gesine Schwital,Male,Health Care,Fachinformatiker,Schwital,jolanda.schoenland@velo-gmbh.de,Consultant,Lower Income,06137 835734,501-1000,Bike Häring e.K.,05947473803,de,Qualified,jolanda.schoenland@velo-gmbh.de,2024-07-11,Product Enquiry,Dr,Customer's Vendor,Austria,0,http://www.holsten.de/
LEAD-18122,Converted,3603896,1,CAMP-0019,Dürnstein,Frame Bärer KG,Austria,0,thorben05@schottin.de,03433 143376,Michail,,Dr Michail Schulz,Male,Television,Chirurgiemechaniker,Schulz,hilma.juettner@velo-gmbh.de,Channel Partner,Lower Income,+49(0) 494461571,501-1000,Frame Bärer KG,+49 (0) 5438 504107,de,Qualified,hilma.juettner@velo-gmbh.de,2024-07-22,Product Enquiry,Dr,Advertisement,Germany,0,http://mies.de/
LEAD-57639,Open,7755991,1,CAMP-0015,Suhl,Cycle Gumprich KG,Germany,0,qritter@hering.com,02812473538,Stefan,,Mr Stefan Biggen,Male,Consulting,Artist,Biggen,dimitri.gerlach@velo-gmbh.de,Consultant,Middle Income,0377773446,1-10,Cycle Gumprich KG,+49(0)9783 459875,de,Unqualified,,,Product Enquiry,Mr,Advertisement,Germany,0,https://www.trommler.com/
LEAD-43106,Replied,7809759,1,CAMP-0009,Deutsch-Wagram,Chain Klotz AG,Austria,0,beierfilippo@stolze.org,+49(0) 790805524,Francesco,,Dr Francesco Weimer,Female,Private Equity,Drogist,Weimer,herbert.zorbach@velo-gmbh.de,Consultant,Lower Income,+49(0)9622 927363,51-200,Chain Klotz AG,+49 (0) 2762 334023,de,Unqualified,,,Product Enquiry,Dr,Exhibition,Switzerland,0,https://holzapfel.com/
LEAD-83276,Quotation,4641151,0,CAMP-0009,Kapfenberg,Bike Ullrich OHG,Austria,0,koehlerwalli@hauffer.net,(03381) 34438,Corinna,,Dr Corinna Wulf,Female,Energy,Mechaniker,Wulf,irmingard.textor@velo-gmbh.de,Consultant,Middle Income,+49(0)0868 885974,11-50,Bike Ullrich OHG,06509 687122,de,Qualified,irmingard.textor@velo-gmbh.de,2024-07-26,Product Enquiry,Dr,Campaign,Switzerland,0,http://benthin.net/
LEAD-98177,Interested,1016546,1,CAMP-0001,Mank,Pedal Ullrich AG,Austria,0,ortrun87@sager.de,+49(0)2482923184,Bernd-Dieter,,Mr Bernd-Dieter Mühle,Female,Department Stores,Schornsteinfeger,Mühle,marzena.kramer@velo-gmbh.de,Channel Partner,Lower Income,(05240) 114887,51-200,Pedal Ullrich AG,06146596291,de,Unqualified,,,Product Enquiry,Mr,Supplier Reference,Switzerland,0,https://segebahn.de/
LEAD-41759,Opportunity,4658023,1,CAMP-0006,Celle,Pedal Lachmann AG,Germany,0,ckarz@kroker.net,05912560338,Valeria,,Mr Valeria Gröttner,Male,Internet Publishing,Winzer,Gröttner,apostolos.scholtz@velo-gmbh.de,Channel Partner,Upper Income,+49(0)7197935741,51-200,Pedal Lachmann AG,05968767300,de,Qualified,apostolos.scholtz@velo-gmbh.de,2024-07-05,Product Enquiry,Mr,Walk In,Austria,0,http://www.soeding.com/
LEAD-95449,Quotation,2247576,1,CAMP-0010,Gföhl,Bike Ullrich OHG,Austria,0,baldurschlosser@trub.com,+49(0)7081443813,Herwig,,Ms Herwig Mies,Male,Financial Services,Informatiker,Mies,sophie.trubin@velo-gmbh.de,Consultant,Lower Income,0266263461,201-500,Bike Ullrich OHG,(02047) 31503,de,Qualified,sophie.trubin@velo-gmbh.de,2024-07-21,Product Enquiry,Ms,Existing Customer,Austria,0,http://benthin.net/
LEAD-37148,Opportunity,5647340,1,CAMP-0016,Feldbach,Velocity Kroker e.K.,Austria,0,lara80@hoerle.de,(01711) 936353,Hannelore,,Dr Hannelore Bachmann,Male,Securities & Commodity Exchanges,Krankenschwester,Bachmann,hilma.juettner@velo-gmbh.de,Client,Middle Income,+49(0)1955 158114,201-500,Velocity Kroker e.K.,08708 269818,de,Qualified,hilma.juettner@velo-gmbh.de,2024-07-26,Product Enquiry,Dr,Reference,Switzerland,0,http://nette.de/
LEAD-54559,Quotation,7742966,1,CAMP-0007,Bruck an der Leitha,Chain Klotz AG,Austria,0,jwiek@kobelt.net,+49(0)0690 86134,Paulina,,Mr Paulina Stoll,Female,Computer,Pilot,Stoll,apostolos.scholtz@velo-gmbh.de,Consultant,Lower Income,+49(0)3070990028,501-1000,Chain Klotz AG,(06630) 36648,de,Qualified,apostolos.scholtz@velo-gmbh.de,2024-07-04,Product Enquiry,Mr,Advertisement,Switzerland,0,https://holzapfel.com/
LEAD-68247,Quotation,4458113,1,CAMP-0011,Bad Kissingen,Frame Trubin GmbH,Germany,0,kjaehn@mueller.com,(00985) 000550,Hilde,,Ms Hilde Steckel,Male,Cosmetics,Friseur,Steckel,hilma.juettner@velo-gmbh.de,Client,Lower Income,+49(0)9003 52191,1000+,Frame Trubin GmbH,07923 247073,de,Qualified,hilma.juettner@velo-gmbh.de,2024-07-23,Product Enquiry,Ms,Reference,Switzerland,0,https://roehricht.de/
LEAD-55400,Opportunity,2439352,1,CAMP-0013,Belp,Pedal Mies OHG,Switzerland,0,margritstolze@aumann.com,02374596179,Simone,,Mr Simone Röhrdanz,Male,Pension Funds,Krankenschwester,Röhrdanz,agatha.saeuberlich@velo-gmbh.de,Consultant,Lower Income,06852 537041,51-200,Pedal Mies OHG,0096809271,de,Qualified,agatha.saeuberlich@velo-gmbh.de,2024-07-17,Product Enquiry,Mr,Advertisement,Germany,0,https://ullmann.org/
LEAD-68816,Open,9162940,1,CAMP-0018,Finsterwalde,Frame Trubin GmbH,Germany,0,heckerirmtraud@kranz.com,+49(0)7051 84349,Eric,,Dr Eric Schleich,Female,Legal,Florist,Schleich,herbert.zorbach@velo-gmbh.de,Client,Upper Income,+49(0)3876308326,11-50,Frame Trubin GmbH,00021421943,de,Unqualified,,,Product Enquiry,Dr,Exhibition,Austria,0,https://roehricht.de/
LEAD-35212,Converted,3454294,0,CAMP-0012,Binningen,Chain Wulff GbR,Switzerland,0,sergei93@schlosser.com,+49(0)2205 943874,Ute,,Ms Ute Blümel,Female,Health Care,Pilot,Blümel,dimitri.gerlach@velo-gmbh.de,Channel Partner,Middle Income,+49(0)2828747952,1000+,Chain Wulff GbR,+49 (0) 3182 576074,de,Qualified,dimitri.gerlach@velo-gmbh.de,2024-07-11,Product Enquiry,Ms,Cold Calling,Germany,0,https://henschel.net/
LEAD-36155,Open,4171722,0,CAMP-0002,Cuxhaven,Chain Weitzel GbR,Germany,0,tintzmannlorenzo@gute.org,04927 30105,Paul,,Ms Paul Atzler,Female,Brokerage,Medizininformatiker,Atzler,herbert.zorbach@velo-gmbh.de,Channel Partner,Lower Income,(07103) 69929,51-200,Chain Weitzel GbR,00283 454529,de,Unqualified,,,Product Enquiry,Ms,Customer's Vendor,Switzerland,0,http://geisel.com/
LEAD-42633,Open,5177021,1,CAMP-0006,Freising,Gear Hölzenbecher e.K.,Germany,0,hillerfriedhilde@hettner.com,0909729866,Pascal,,Dr Pascal Mielcarek,Male,Sports,Pfleger,Mielcarek,agatha.saeuberlich@velo-gmbh.de,Consultant,Lower Income,(00396) 229302,51-200,Gear Hölzenbecher e.K.,03083162023,de,Unqualified,,,Product Enquiry,Dr,Reference,Switzerland,0,https://schlosser.com/
LEAD-58672,Quotation,2672423,0,CAMP-0001,Fulda,Cycle Säuberlich AG,Germany,0,aleksander17@mentzel.net,0022071607,Benjamin,,Mr Benjamin Mentzel,Female,Telecommunications,Erzieher,Mentzel,lieschen.etzler@velo-gmbh.de,Channel Partner,Upper Income,+49 (0) 3597 713133,201-500,Cycle Säuberlich AG,04830048276,de,Qualified,lieschen.etzler@velo-gmbh.de,2024-07-04,Product Enquiry,Mr,Reference,Austria,0,http://linke.com/
LEAD-96724,Converted,4585350,0,CAMP-0003,Groß-Siegharts,Frame Lehmann GbR,Austria,0,harald94@doehn.net,+49(0)5208972211,Ramon,,Ms Ramon Schmiedt,Male,Online Auctions,Krankenschwester,Schmiedt,mato.pruschke@velo-gmbh.de,Client,Upper Income,0743964511,1000+,Frame Lehmann GbR,(07496) 432426,de,Qualified,mato.pruschke@velo-gmbh.de,2024-07-11,Product Enquiry,Ms,Supplier Reference,Austria,0,http://www.scheel.org/
LEAD-93709,Opportunity,3622216,1,CAMP-0020,Sitten,Pedal Mies OHG,Switzerland,0,doeringbernard@boucsein.de,0469001125,Raphaela,,Ms Raphaela Peukert,Male,Defense,Winzer,Peukert,mato.pruschke@velo-gmbh.de,Channel Partner,Middle Income,+49(0) 082715608,11-50,Pedal Mies OHG,+49(0)1002119528,de,Qualified,mato.pruschke@velo-gmbh.de,2024-07-11,Product Enquiry,Ms,Customer's Vendor,Germany,0,https://ullmann.org/
LEAD-99748,Quotation,3573109,1,CAMP-0005,Aarau,Bike Hölzenbecher OHG,Switzerland,0,niemeierortrun@hentschel.org,0674736603,Birger,,Mr Birger Höfig,Female,Brokerage,Mathematiker,Höfig,dimitri.gerlach@velo-gmbh.de,Consultant,Middle Income,0326258165,501-1000,Bike Hölzenbecher OHG,(05904) 02849,de,Qualified,dimitri.gerlach@velo-gmbh.de,2024-07-27,Product Enquiry,Mr,Walk In,Switzerland,0,http://mude.de/
LEAD-22207,Replied,6017428,1,CAMP-0008,Querfurt,Frame Trubin GmbH,Germany,0,bachmannsusanne@ditschlerin.com,08588427994,Yvette,,Dr Yvette Ebert,Male,Cosmetics,Augenoptiker,Ebert,mato.pruschke@velo-gmbh.de,Client,Upper Income,(03610) 19664,11-50,Frame Trubin GmbH,04062653618,de,Unqualified,,,Product Enquiry,Dr,Cold Calling,Austria,0,https://roehricht.de/
LEAD-1009,Converted,5320469,1,CAMP-0004,Zofingen,Pedal Mies OHG,Switzerland,0,eckhardtneuschaefer@kohl.net,05537 380702,Sybille,,Dr Sybille Roht,Male,Consumer Products,Krankenschwester,Roht,lieschen.etzler@velo-gmbh.de,Consultant,Upper Income,00217 21155,201-500,Pedal Mies OHG,+49(0) 909991609,de,Qualified,lieschen.etzler@velo-gmbh.de,2024-07-16,Product Enquiry,Dr,Cold Calling,Austria,0,https://ullmann.org/
LEAD-690,Replied,2392289,1,CAMP-0019,Oberpullendorf,Chain Graf KG,Austria,0,portmann@bruder.de,02470 20832,Aneta,,Mr Aneta Striebitz,Female,Agriculture,Chirurgiemechaniker,Striebitz,herbert.zorbach@velo-gmbh.de,Client,Upper Income,(05829) 427071,1-10,Chain Graf KG,(01970) 56576,de,Unqualified,,,Product Enquiry,Mr,Customer's Vendor,Austria,0,https://www.lehmann.net/
LEAD-88209,Interested,1536449,0,CAMP-0010,Ebermannstadt,Cycle Gumprich KG,Germany,0,joerg43@scholz.de,(01839) 463485,Artur,,Mr Artur Schinke,Male,Agriculture,Techniker,Schinke,mato.pruschke@velo-gmbh.de,Consultant,Middle Income,09279 19525,51-200,Cycle Gumprich KG,(08843) 94726,de,Unqualified,,,Product Enquiry,Mr,Existing Customer,Germany,0,https://www.trommler.com/
LEAD-24589,Interested,8671968,1,CAMP-0005,Olpe,Bike Mies GbR,Germany,0,ebeier@jessel.com,(07937) 411623,Karl-Friedrich,,Ms Karl-Friedrich Bähr,Female,Department Stores,Asphaltbauer,Bähr,johanne.winkler@velo-gmbh.de,Client,Upper Income,+49 (0) 7337 011893,1-10,Bike Mies GbR,08525542907,de,Unqualified,,,Product Enquiry,Ms,Advertisement,Switzerland,0,http://www.gertz.com/
LEAD-25225,Lost Quotation,1825900,1,CAMP-0014,Radenthein,Wheel Rogner KG,Austria,0,therrmann@rosemann.de,+49(0)5543366019,Claas,,Ms Claas Schacht,Male,Aerospace,Fleischer,Schacht,lieschen.etzler@velo-gmbh.de,Channel Partner,Upper Income,+49(0)5810 926429,1000+,Wheel Rogner KG,01977 106114,de,Unqualified,,,Product Enquiry,Ms,Customer's Vendor,Switzerland,0,https://giess.com/
LEAD-89086,Quotation,9572177,0,CAMP-0006,Finsterwalde,Pedal Mielcarek KG,Germany,0,obauer@schoenland.de,09178 549881,Alexej,,Dr Alexej Stiebitz,Female,Newspaper Publishers,Friseur,Stiebitz,hilma.juettner@velo-gmbh.de,Client,Upper Income,09113 33334,11-50,Pedal Mielcarek KG,+49(0)0693 75239,de,Qualified,hilma.juettner@velo-gmbh.de,2024-07-05,Product Enquiry,Dr,Mass Mailing,Austria,0,https://stoll.com/
LEAD-40489,Quotation,1504892,1,CAMP-0009,Geldern,Ride Bruder e.K.,Germany,0,maja85@flantz.org,(01255) 44492,Melanie,,Mr Melanie Pruschke,Female,Agriculture,Polizist,Pruschke,mato.pruschke@velo-gmbh.de,Consultant,Middle Income,(09883) 518402,1-10,Ride Bruder e.K.,07205254893,de,Qualified,mato.pruschke@velo-gmbh.de,2024-07-17,Product Enquiry,Mr,Existing Customer,Austria,0,http://hellwig.de/
LEAD-66622,Replied,1049010,0,CAMP-0011,Spiez,Ride Pohl KG,Switzerland,0,reinharteigenwillig@mangold.de,03518 92513,Cathrin,,Mr Cathrin Schmidtke,Male,Automotive,Forstwirt,Schmidtke,jolanda.schoenland@velo-gmbh.de,Channel Partner,Lower Income,+49(0)5610639339,1000+,Ride Pohl KG,02373 997707,de,Unqualified,,,Product Enquiry,Mr,Mass Mailing,Austria,0,https://www.muelichen.com/
LEAD-15420,Converted,5802700,1,CAMP-0002,Frohnleiten,Pedal Mälzer OHG,Austria,0,alicewieloch@peukert.de,+49 (0) 2007 663131,Mathilde,,Ms Mathilde Barth,Male,Brokerage,Mechaniker,Barth,apostolos.scholtz@velo-gmbh.de,Channel Partner,Upper Income,+49 (0) 7067 460443,11-50,Pedal Mälzer OHG,01456 02363,de,Qualified,apostolos.scholtz@velo-gmbh.de,2024-07-03,Product Enquiry,Ms,Advertisement,Germany,0,http://schuchhardt.org/
LEAD-32908,Open,2772382,1,CAMP-0017,Haldensleben,Bike Mies GbR,Germany,0,mjaehn@briemer.de,+49(0)5992 698875,Romy,,Dr Romy Ullmann,Male,Retail & Wholesale,Chirurgiemechaniker,Ullmann,apostolos.scholtz@velo-gmbh.de,Channel Partner,Lower Income,+49(0)1781 780409,1-10,Bike Mies GbR,+49(0)6837 64962,de,Unqualified,,,Product Enquiry,Dr,Customer's Vendor,Switzerland,0,http://www.gertz.com/
LEAD-32560,Replied,2895497,0,CAMP-0011,Arbon,Velocity Thanel AG,Switzerland,0,bienmanfred@beckmann.org,(03606) 471824,Gundolf,,Mr Gundolf Meister,Female,Broadcasting,Medizininformatiker,Meister,soeren.seifert@velo-gmbh.de,Channel Partner,Lower Income,+49 (0) 2788 911356,201-500,Velocity Thanel AG,+49(0) 419108834,de,Unqualified,,,Product Enquiry,Mr,Campaign,Austria,0,http://auch.com/
LEAD-41011,Opportunity,8666222,0,CAMP-0016,Genf,Ride Stoll KG,Switzerland,0,ktintzmann@seifert.com,(05680) 916570,Anette,,Dr Anette Ehlert,Female,Chemical,Fachinformatiker,Ehlert,lieschen.etzler@velo-gmbh.de,Channel Partner,Lower Income,+49(0)0519 76721,11-50,Ride Stoll KG,+49(0)7269 72782,de,Qualified,lieschen.etzler@velo-gmbh.de,2024-07-15,Product Enquiry,Dr,Campaign,Germany,0,https://www.zahn.de/
LEAD-22795,Lost Quotation,7863251,0,CAMP-0016,Hainburg an der Donau,Pedal Ullrich AG,Austria,0,stefanonoack@girschner.com,+49(0) 297689724,Hans-Rudolf,,Mr Hans-Rudolf Aumann,Male,Soap & Detergent,Mechaniker,Aumann,sophie.trubin@velo-gmbh.de,Channel Partner,Lower Income,0582466030,501-1000,Pedal Ullrich AG,00395 23268,de,Unqualified,,,Product Enquiry,Mr,Reference,Switzerland,0,https://segebahn.de/
LEAD-38226,Replied,6620986,1,CAMP-0013,Kötzting,Frame Nerger KG,Germany,0,faustbernt@kranz.de,+49(0)4618 29307,Jaqueline,,Mr Jaqueline Patberg,Male,Motion Picture & Video,Schornsteinfeger,Patberg,herbert.zorbach@velo-gmbh.de,Consultant,Upper Income,03326308100,501-1000,Frame Nerger KG,0770783447,de,Unqualified,,,Product Enquiry,Mr,Supplier Reference,Switzerland,0,https://www.schuchhardt.de/
LEAD-53783,Opportunity,3950881,0,CAMP-0013,Steyregg,Chain Klotz AG,Austria,0,schenkheike@heintze.org,(02718) 96330,Hans-Detlef,,Dr Hans-Detlef Segebahn,Male,Executive Search,Friseur,Segebahn,apostolos.scholtz@velo-gmbh.de,Channel Partner,Middle Income,02325 226437,11-50,Chain Klotz AG,01445696479,de,Qualified,apostolos.scholtz@velo-gmbh.de,2024-07-08,Product Enquiry,Dr,Supplier Reference,Switzerland,0,https://holzapfel.com/
LEAD-18108,Opportunity,182463,0,CAMP-0005,Heidenreichstein,Velocity Kusch e.K.,Austria,0,muellermelita@thanel.de,+49(0)9701 33762,Marina,,Dr Marina Linke,Female,Technology,Fleischer,Linke,marzena.kramer@velo-gmbh.de,Channel Partner,Upper Income,01794336093,201-500,Velocity Kusch e.K.,09669 08126,de,Qualified,marzena.kramer@velo-gmbh.de,2024-07-15,Product Enquiry,Dr,Exhibition,Austria,0,http://trommler.com/
LEAD-1345,Quotation,5006019,1,CAMP-0010,Gleisdorf,Frame Lehmann GbR,Austria,0,helene14@stroh.com,+49(0)8682 47265,Irene,,Dr Irene Warmer,Male,Accounting,Pilot,Warmer,agatha.saeuberlich@velo-gmbh.de,Channel Partner,Lower Income,01428 983625,51-200,Frame Lehmann GbR,03471 230539,de,Qualified,agatha.saeuberlich@velo-gmbh.de,2024-07-18,Product Enquiry,Dr,Mass Mailing,Switzerland,0,http://www.scheel.org/
LEAD-84753,Open,9662510,0,CAMP-0011,Mariazell,Chain Klotz AG,Austria,0,ruthildetzler@trueb.net,+49(0)2372238989,Hans-Günter,,Ms Hans-Günter Dietz,Male,Biotechnology,Beamter,Dietz,soeren.seifert@velo-gmbh.de,Client,Middle Income,08598 38034,11-50,Chain Klotz AG,+49(0)4327 50051,de,Unqualified,,,Product Enquiry,Ms,Customer's Vendor,Austria,0,https://holzapfel.com/
LEAD-60355,Quotation,4499429,0,CAMP-0017,Vils,Chain Zimmer OHG,Austria,0,deliavogt@weitzel.de,+49(0)0540 117249,Gundi,,Mr Gundi Bauer,Female,Music,Binnenschiffer,Bauer,agatha.saeuberlich@velo-gmbh.de,Channel Partner,Lower Income,(04570) 04083,11-50,Chain Zimmer OHG,08065362362,de,Qualified,agatha.saeuberlich@velo-gmbh.de,2024-07-02,Product Enquiry,Mr,Cold Calling,Switzerland,0,https://www.kaester.net/
LEAD-84693,Open,4057415,0,CAMP-0015,Cham,Gear Junck e.K.,Switzerland,0,carstenvanessa@schmiedt.org,+49(0)3381334082,Süleyman,,Ms Süleyman Pruschke,Male,Executive Search,Florist,Pruschke,herbert.zorbach@velo-gmbh.de,Consultant,Lower Income,(05789) 99070,1000+,Gear Junck e.K.,0400814516,de,Unqualified,,,Product Enquiry,Ms,Supplier Reference,Germany,0,https://plath.de/
LEAD-56586,Quotation,405545,0,CAMP-0006,Liestal,Ride Pohl KG,Switzerland,0,vera34@steckel.de,00612172794,Woldemar,,Dr Woldemar Atzler,Female,Aerospace,Bäcker,Atzler,sophie.trubin@velo-gmbh.de,Channel Partner,Upper Income,+49(0) 941116032,501-1000,Ride Pohl KG,09386 509233,de,Qualified,sophie.trubin@velo-gmbh.de,2024-07-24,Product Enquiry,Dr,Walk In,Austria,0,https://www.muelichen.com/
LEAD-29628,Quotation,9920950,0,CAMP-0003,Angermünde,Ride Reuter AG,Germany,0,hans-juergen63@fiebig.org,02193 50762,Karina,,Dr Karina Wilmsen,Female,Executive Search,Pfleger,Wilmsen,mato.pruschke@velo-gmbh.de,Channel Partner,Lower Income,0251988349,1000+,Ride Reuter AG,09865 533292,de,Qualified,mato.pruschke@velo-gmbh.de,2024-07-28,Product Enquiry,Dr,Reference,Switzerland,0,http://www.hornig.de/
LEAD-31273,Opportunity,5120046,0,CAMP-0001,Ybbs an der Donau,Bike Klotz KG,Austria,0,sauergerdi@junk.org,+49(0)0130 147662,Siegfried,,Mr Siegfried Otto,Female,Music,Pfleger,Otto,sophie.trubin@velo-gmbh.de,Channel Partner,Upper Income,00455962071,501-1000,Bike Klotz KG,(06097) 716918,de,Qualified,sophie.trubin@velo-gmbh.de,2024-07-21,Product Enquiry,Mr,Existing Customer,Germany,0,http://www.wulff.de/
LEAD-78109,Opportunity,1237941,1,CAMP-0007,Zeltweg,Cycle Roht KG,Austria,0,hans-juergenwieloch@freudenberger.de,+49(0)3847 074050,Miroslaw,,Dr Miroslaw Hendriks,Male,Aerospace,Bäcker,Hendriks,soeren.seifert@velo-gmbh.de,Consultant,Lower Income,+49 (0) 7251 807094,501-1000,Cycle Roht KG,(07384) 71385,de,Qualified,soeren.seifert@velo-gmbh.de,2024-07-15,Product Enquiry,Dr,Reference,Austria,0,http://klemt.com/
LEAD-69776,Lost Quotation,7153936,0,CAMP-0015,Prenzlau,Bike Häring e.K.,Germany,0,kplath@reichmann.com,+49(0)0491 96142,Hans-Wolfgang,,Dr Hans-Wolfgang Scholl,Male,Consulting,Informatiker,Scholl,irmingard.textor@velo-gmbh.de,Channel Partner,Upper Income,0687668090,1-10,Bike Häring e.K.,+49(0)9121 313631,de,Unqualified,,,Product Enquiry,Dr,Reference,Austria,0,http://www.holsten.de/
LEAD-56109,Converted,3848381,1,CAMP-0004,Vilsbiburg,Chain Weitzel GbR,Germany,0,desiree34@kreusel.de,+49(0)6980 594067,Adina,,Ms Adina Hentschel,Male,Airline,Koreanistiker,Hentschel,sophie.trubin@velo-gmbh.de,Channel Partner,Middle Income,+49(0)5428890176,51-200,Chain Weitzel GbR,00800 78975,de,Qualified,sophie.trubin@velo-gmbh.de,2024-07-10,Product Enquiry,Ms,Reference,Germany,0,http://geisel.com/
LEAD-22348,Quotation,2485706,0,CAMP-0016,Grieskirchen,Gear Killer GmbH,Austria,0,eugeniefaust@trueb.com,0344839365,Marijan,,Ms Marijan Flantz,Male,Pension Funds,Krankenschwester,Flantz,johanne.winkler@velo-gmbh.de,Client,Middle Income,06077 008263,1-10,Gear Killer GmbH,+49 (0) 1039 544750,de,Qualified,johanne.winkler@velo-gmbh.de,2024-07-06,Product Enquiry,Ms,Walk In,Austria,0,https://krein.de/
LEAD-60942,Quotation,1189096,0,CAMP-0012,Sigmaringen,Pedal Lachmann AG,Germany,0,raedelignaz@hoevel.de,04745 95386,Jobst,,Dr Jobst Kraushaar,Male,Motion Picture & Video,Bankkaufmann,Kraushaar,herbert.zorbach@velo-gmbh.de,Consultant,Upper Income,01991 58291,11-50,Pedal Lachmann AG,+49(0)4575 18259,de,Qualified,herbert.zorbach@velo-gmbh.de,2024-07-07,Product Enquiry,Dr,Customer's Vendor,Austria,0,http://www.soeding.com/
LEAD-46022,Quotation,1998278,0,CAMP-0003,Meyrin,Ride Stoll KG,Switzerland,0,ubaum@trub.com,+49(0)7184 33845,Ali,,Dr Ali Jungfer,Male,Technology,Florist,Jungfer,apostolos.scholtz@velo-gmbh.de,Client,Lower Income,+49 (0) 4778 672194,11-50,Ride Stoll KG,+49(0)5154712637,de,Qualified,apostolos.scholtz@velo-gmbh.de,2024-07-31,Product Enquiry,Dr,Existing Customer,Switzerland,0,https://www.zahn.de/
LEAD-75126,Interested,7778782,1,CAMP-0005,Neunkirchen,Velocity Kusch e.K.,Austria,0,lachmannkorinna@ernst.de,+49(0)1446216634,Ilias,,Mr Ilias Trupp,Male,Advertising,Krankenschwester,Trupp,marzena.kramer@velo-gmbh.de,Consultant,Middle Income,+49 (0) 5518 011660,11-50,Velocity Kusch e.K.,+49(0)1764 712959,de,Unqualified,,,Product Enquiry,Mr,Existing Customer,Germany,0,http://trommler.com/
LEAD-42069,Quotation,6786600,0,CAMP-0016,Melsungen,Frame Kreusel KG,Germany,0,willibertzimmer@lehmann.net,+49(0)9915 68152,Dorothea,,Ms Dorothea Bachmann,Male,Real Estate,Arzt,Bachmann,irmingard.textor@velo-gmbh.de,Consultant,Upper Income,+49(0) 353622421,1000+,Frame Kreusel KG,0293954613,de,Qualified,irmingard.textor@velo-gmbh.de,2024-07-23,Product Enquiry,Ms,Exhibition,Switzerland,0,https://gierschner.net/
LEAD-66653,Converted,8945896,0,CAMP-0012,Schwäbisch Gmünd,Frame Trubin GmbH,Germany,0,gerti29@junitz.de,00685 293329,Moritz,,Ms Moritz Wähner,Female,Real Estate,Mechaniker,Wähner,johanne.winkler@velo-gmbh.de,Client,Upper Income,(07263) 17809,501-1000,Frame Trubin GmbH,02296 64965,de,Qualified,johanne.winkler@velo-gmbh.de,2024-07-12,Product Enquiry,Ms,Reference,Switzerland,0,https://roehricht.de/
LEAD-54291,Interested,5125215,0,CAMP-0010,Flawil,Gear Junck e.K.,Switzerland,0,gislindescholtz@freudenberger.de,05093 928246,Heike,,Ms Heike Bonbach,Male,Soap & Detergent,Augenoptiker,Bonbach,apostolos.scholtz@velo-gmbh.de,Client,Middle Income,(06183) 948877,51-200,Gear Junck e.K.,0206376620,de,Unqualified,,,Product Enquiry,Ms,Existing Customer,Switzerland,0,https://plath.de/
LEAD-15530,Lost Quotation,2602153,0,CAMP-0011,Ebenfurth,Bike Ullrich OHG,Austria,0,iliasbohlander@weller.com,+49(0)6092416574,Blanka,,Dr Blanka Cichorius,Male,Telecommunications,Medizininformatiker,Cichorius,jolanda.schoenland@velo-gmbh.de,Channel Partner,Upper Income,+49(0) 067306421,201-500,Bike Ullrich OHG,(07631) 474936,de,Unqualified,,,Product Enquiry,Dr,Exhibition,Austria,0,http://benthin.net/
LEAD-52687,Interested,1262587,0,CAMP-0016,Siegen,Bike Mies GbR,Germany,0,edeltrauteimer@ebert.net,(09999) 789428,Egbert,,Dr Egbert Dippel,Male,Education,Elektroniker,Dippel,irmingard.textor@velo-gmbh.de,Consultant,Middle Income,+49(0)8947 32662,501-1000,Bike Mies GbR,+49 (0) 2620 258187,de,Unqualified,,,Product Enquiry,Dr,Exhibition,Austria,0,http://www.gertz.com/
LEAD-48824,Lost Quotation,4957022,0,CAMP-0003,Poysdorf,Bike Klotz KG,Austria,0,bjoern88@schoenland.org,07131 16934,Elvira,,Dr Elvira Trapp,Female,Apparel & Accessories,Winzer,Trapp,marzena.kramer@velo-gmbh.de,Consultant,Upper Income,04157 676406,201-500,Bike Klotz KG,03938 950278,de,Unqualified,,,Product Enquiry,Dr,Existing Customer,Switzerland,0,http://www.wulff.de/
LEAD-29159,Replied,8517519,0,CAMP-0011,Möhlin,Cycle Fliegner AG,Switzerland,0,kklapp@jungfer.com,+49 (0) 4751 538445,Goran,,Ms Goran Löchel,Female,Advertising,Drogist,Löchel,agatha.saeuberlich@velo-gmbh.de,Consultant,Upper Income,0400587705,201-500,Cycle Fliegner AG,+49(0)7123 70070,de,Unqualified,,,Product Enquiry,Ms,Mass Mailing,Austria,0,http://www.muelichen.org/
LEAD-68329,Converted,4227485,1,CAMP-0009,Artern,Pedal Gude e.K.,Germany,0,zjunck@schaaf.de,00356456099,Sibilla,,Mr Sibilla Pärtzelt,Male,Software,Beamter,Pärtzelt,soeren.seifert@velo-gmbh.de,Client,Lower Income,0312052279,1000+,Pedal Gude e.K.,+49(0)6412 52181,de,Qualified,soeren.seifert@velo-gmbh.de,2024-07-26,Product Enquiry,Mr,Mass Mailing,Germany,0,http://www.koehler.net/
LEAD-98575,Quotation,1006001,0,CAMP-0017,Thalwil,Gear Möchlichen OHG,Switzerland,0,joerg-peterschleich@rohleder.org,00834076677,Angelica,,Dr Angelica Gorlitz,Male,Internet Publishing,Krankenschwester,Gorlitz,johanne.winkler@velo-gmbh.de,Channel Partner,Middle Income,+49(0)5108 12483,501-1000,Gear Möchlichen OHG,+49(0)2899 747130,de,Qualified,johanne.winkler@velo-gmbh.de,2024-07-04,Product Enquiry,Dr,Mass Mailing,Switzerland,0,https://karz.de/
LEAD-80677,Interested,3105726,1,CAMP-0003,Männedorf,Bike Hölzenbecher OHG,Switzerland,0,amalie88@martin.com,+49(0)4323859854,Damaris,,Dr Damaris Gnatz,Male,Financial Services,Programmierer,Gnatz,herbert.zorbach@velo-gmbh.de,Consultant,Lower Income,+49(0)4669 18124,1000+,Bike Hölzenbecher OHG,02647 10661,de,Unqualified,,,Product Enquiry,Dr,Mass Mailing,Switzerland,0,http://mude.de/
LEAD-91056,Opportunity,4999239,1,CAMP-0013,Schrattenthal,Chain Klotz AG,Austria,0,sybille41@naser.org,07013 83026,Urszula,,Dr Urszula Sontag,Male,Accounting,Drogist,Sontag,agatha.saeuberlich@velo-gmbh.de,Client,Upper Income,(01474) 22838,11-50,Chain Klotz AG,00955148708,de,Qualified,agatha.saeuberlich@velo-gmbh.de,2024-07-23,Product Enquiry,Dr,Advertisement,Germany,0,https://holzapfel.com/
LEAD-62413,Open,1670000,0,CAMP-0012,Kitzingen,Chain Weitzel GbR,Germany,0,hasso88@bauer.de,09732 010479,Eveline,,Dr Eveline Kreusel,Female,Defense,Forstwirt,Kreusel,johanne.winkler@velo-gmbh.de,Consultant,Lower Income,+49(0)2960 32553,501-1000,Chain Weitzel GbR,+49(0)9938842085,de,Unqualified,,,Product Enquiry,Dr,Mass Mailing,Switzerland,0,http://geisel.com/
LEAD-22622,Open,8402155,1,CAMP-0005,Wernigerode,Chain Weitzel GbR,Germany,0,silvia31@heser.com,00951 23385,Annerose,,Mr Annerose Ernst,Male,Telecommunications,Pilot,Ernst,dimitri.gerlach@velo-gmbh.de,Consultant,Middle Income,(05650) 256714,1-10,Chain Weitzel GbR,+49(0)1066 70129,de,Unqualified,,,Product Enquiry,Mr,Advertisement,Switzerland,0,http://geisel.com/
LEAD-88109,Opportunity,2899376,0,CAMP-0013,Baden,Chain Klotz AG,Austria,0,rtrub@hendriks.com,+49(0) 859510071,Reni,,Ms Reni Ullrich,Female,Publishing,Altenpfleger,Ullrich,dimitri.gerlach@velo-gmbh.de,Client,Lower Income,08612665188,11-50,Chain Klotz AG,09934 662955,de,Qualified,dimitri.gerlach@velo-gmbh.de,2024-07-04,Product Enquiry,Ms,Exhibition,Austria,0,https://holzapfel.com/
LEAD-94913,Quotation,8282476,0,CAMP-0001,Querfurt,Chain Hiller GbR,Germany,0,karin09@kuehnert.de,+49 (0) 4613 254228,Johan,,Mr Johan Zimmer,Female,Brokerage,Fachinformatiker,Zimmer,apostolos.scholtz@velo-gmbh.de,Client,Upper Income,+49 (0) 2790 594046,51-200,Chain Hiller GbR,+49(0)2822 10947,de,Qualified,apostolos.scholtz@velo-gmbh.de,2024-07-10,Product Enquiry,Mr,Cold Calling,Switzerland,0,http://www.gertz.net/
LEAD-6710,Opportunity,3068490,1,CAMP-0012,Bad Vöslau,Bike Klotz KG,Austria,0,mspiess@weimer.de,(08036) 643648,Ernst-August,,Ms Ernst-August Grein Groth,Female,Service,Mathematiker,Grein Groth,soeren.seifert@velo-gmbh.de,Client,Lower Income,+49(0) 071745534,11-50,Bike Klotz KG,01458989687,de,Qualified,soeren.seifert@velo-gmbh.de,2024-07-19,Product Enquiry,Ms,Reference,Switzerland,0,http://www.wulff.de/
LEAD-25674,Open,955437,0,CAMP-0003,Saulgau,Gear Hölzenbecher e.K.,Germany,0,tmeister@jessel.com,+49(0)0430 02307,Daria,,Ms Daria Nette,Female,Consumer Products,Fachinformatiker,Nette,dimitri.gerlach@velo-gmbh.de,Client,Upper Income,(00001) 21389,51-200,Gear Hölzenbecher e.K.,+49(0)5285 480313,de,Unqualified,,,Product Enquiry,Ms,Walk In,Austria,0,https://schlosser.com/
LEAD-22436,Quotation,8557679,0,CAMP-0011,Berndorf,Cycle Roht KG,Austria,0,hanne97@van.com,00671184326,Veit,,Ms Veit Keudel,Male,Music,Artist,Keudel,mato.pruschke@velo-gmbh.de,Channel Partner,Upper Income,08228 22685,1-10,Cycle Roht KG,+49(0)9776126235,de,Qualified,mato.pruschke@velo-gmbh.de,2024-07-20,Product Enquiry,Ms,Supplier Reference,Austria,0,http://klemt.com/
LEAD-87601,Lost Quotation,3526322,1,CAMP-0008,Coburg,Cycle Wagenknecht OHG,Germany,0,gutknechtfiliz@gude.com,06762 414421,Gülsen,,Ms Gülsen Anders,Female,Software,Chirurgiemechaniker,Anders,dimitri.gerlach@velo-gmbh.de,Channel Partner,Upper Income,0854630199,501-1000,Cycle Wagenknecht OHG,+49(0)5795624215,de,Unqualified,,,Product Enquiry,Ms,Campaign,Germany,0,http://scheel.com/
LEAD-62011,Lost Quotation,1117858,0,CAMP-0011,Allschwil,Bike Hölzenbecher OHG,Switzerland,0,wgeisler@tschentscher.org,09439 225503,Katja,,Mr Katja Lachmann,Male,Publishing,Mathematiker,Lachmann,hilma.juettner@velo-gmbh.de,Consultant,Middle Income,03205230724,51-200,Bike Hölzenbecher OHG,06372948121,de,Unqualified,,,Product Enquiry,Mr,Reference,Switzerland,0,http://mude.de/
LEAD-68405,Quotation,9030531,0,CAMP-0006,Kronach,Pedal Lachmann AG,Germany,0,gheinrich@benthin.org,(02544) 776513,Kornelia,,Ms Kornelia Lehmann,Female,Energy,Mechaniker,Lehmann,jolanda.schoenland@velo-gmbh.de,Channel Partner,Lower Income,+49 (0) 6395 075065,51-200,Pedal Lachmann AG,+49(0)6159145434,de,Qualified,jolanda.schoenland@velo-gmbh.de,2024-07-26,Product Enquiry,Ms,Walk In,Germany,0,http://www.soeding.com/
LEAD-43770,Quotation,2843015,1,CAMP-0012,Weitra,Ride Tintzmann GbR,Austria,0,zrenner@putz.com,04025394565,Inge,,Mr Inge Mude,Male,Aerospace,Winzer,Mude,jolanda.schoenland@velo-gmbh.de,Client,Middle Income,+49(0)7457 54796,51-200,Ride Tintzmann GbR,+49 (0) 5818 645867,de,Qualified,jolanda.schoenland@velo-gmbh.de,2024-07-26,Product Enquiry,Mr,Campaign,Austria,0,http://ullmann.de/
LEAD-36623,Opportunity,6390353,0,CAMP-0001,Cham,Bike Hölzenbecher OHG,Switzerland,0,rosemarie17@schottin.net,(01657) 46483,Sara,,Ms Sara Hein,Male,Legal,Koreanistiker,Hein,soeren.seifert@velo-gmbh.de,Consultant,Middle Income,01963610425,501-1000,Bike Hölzenbecher OHG,(09828) 278685,de,Qualified,soeren.seifert@velo-gmbh.de,2024-07-16,Product Enquiry,Ms,Walk In,Germany,0,http://mude.de/
LEAD-14450,Lost Quotation,6145307,1,CAMP-0017,Bersenbrück,Velocity Wieloch KG,Germany,0,mjunitz@kreusel.de,+49(0) 681328042,David,,Dr David Kraushaar,Male,Service,Chemikant,Kraushaar,irmingard.textor@velo-gmbh.de,Consultant,Middle Income,+49(0) 006136957,51-200,Velocity Wieloch KG,02765342640,de,Unqualified,,,Product Enquiry,Dr,Cold Calling,Switzerland,0,http://wohlgemut.org/
LEAD-33249,Open,7376656,1,CAMP-0016,Yverdon-les-Bains,Bike Rädel AG,Switzerland,0,gordanastiebitz@textor.com,+49(0)9071582181,Daniela,,Mr Daniela Schottin,Male,Banking,Winzer,Schottin,sophie.trubin@velo-gmbh.de,Channel Partner,Lower Income,04580561014,1-10,Bike Rädel AG,(02597) 58741,de,Unqualified,,,Product Enquiry,Mr,Walk In,Austria,0,https://kohl.com/
LEAD-71234,Interested,549648,0,CAMP-0004,Eberswalde,Cycle Gumprich KG,Germany,0,renato89@meyer.com,01980709792,Reimund,,Ms Reimund Kusch,Female,Brokerage,Polizist,Kusch,herbert.zorbach@velo-gmbh.de,Channel Partner,Middle Income,04120 715592,201-500,Cycle Gumprich KG,+49(0) 691288838,de,Unqualified,,,Product Enquiry,Ms,Campaign,Switzerland,0,https://www.trommler.com/
LEAD-67047,Lost Quotation,1664885,0,CAMP-0002,Ebreichsdorf,Cycle Roht KG,Austria,0,lmeyer@wilmsen.de,+49(0)8986 367756,Samuel,,Dr Samuel Ehlert,Male,Online Auctions,Mathematiker,Ehlert,sophie.trubin@velo-gmbh.de,Client,Middle Income,+49(0)4404 38445,51-200,Cycle Roht KG,(09502) 511120,de,Unqualified,,,Product Enquiry,Dr,Campaign,Switzerland,0,http://klemt.com/
LEAD-41876,Open,9835797,1,CAMP-0008,Pasewalk,Pedal Mielcarek KG,Germany,0,olangern@hoefig.com,+49(0)6263 89991,Otmar,,Mr Otmar Schweitzer,Male,Securities & Commodity Exchanges,Asphaltbauer,Schweitzer,sophie.trubin@velo-gmbh.de,Consultant,Upper Income,07064 294780,1000+,Pedal Mielcarek KG,(02428) 36565,de,Unqualified,,,Product Enquiry,Mr,Mass Mailing,Switzerland,0,https://stoll.com/
LEAD-41267,Interested,5990287,0,CAMP-0017,Hartberg,Bike Ullrich OHG,Austria,0,iliaswagenknecht@peukert.com,(09981) 665441,Faruk,,Dr Faruk Tlustek,Female,Newspaper Publishers,Designer,Tlustek,apostolos.scholtz@velo-gmbh.de,Client,Middle Income,+49(0) 920579919,501-1000,Bike Ullrich OHG,06042551837,de,Unqualified,,,Product Enquiry,Dr,Reference,Austria,0,http://benthin.net/
LEAD-67401,Opportunity,5561604,0,CAMP-0015,Grevenbroich,Ride Reuter AG,Germany,0,eleonoraalbers@fechner.com,+49 (0) 3602 773614,Annaliese,,Ms Annaliese Beier,Female,Securities & Commodity Exchanges,Pfleger,Beier,hilma.juettner@velo-gmbh.de,Client,Lower Income,+49(0)8365 32423,501-1000,Ride Reuter AG,+49(0) 469961509,de,Qualified,hilma.juettner@velo-gmbh.de,2024-07-04,Product Enquiry,Ms,Mass Mailing,Germany,0,http://www.hornig.de/
LEAD-39827,Converted,8641521,1,CAMP-0015,Bassersdorf,Chain Kroker KG,Switzerland,0,grein-grothgero@schweitzer.de,00119694688,Marietta,,Ms Marietta Krebs,Male,Banking,Bäcker,Krebs,sophie.trubin@velo-gmbh.de,Consultant,Middle Income,+49(0)2310 373703,201-500,Chain Kroker KG,0655208747,de,Qualified,sophie.trubin@velo-gmbh.de,2024-07-13,Product Enquiry,Ms,Advertisement,Austria,0,https://lange.com/
LEAD-7058,Open,4581742,1,CAMP-0003,Brand,Gear Hölzenbecher e.K.,Germany,0,jvollbrecht@baerer.de,04959554933,Denis,,Ms Denis Hoffmann,Female,Chemical,Artist,Hoffmann,herbert.zorbach@velo-gmbh.de,Channel Partner,Middle Income,0805786477,1-10,Gear Hölzenbecher e.K.,+49(0)1659 726881,de,Unqualified,,,Product Enquiry,Ms,Advertisement,Switzerland,0,https://schlosser.com/
LEAD-84342,Opportunity,7327575,1,CAMP-0006,Güssing,Gear Killer GmbH,Austria,0,qrudolph@zirme.de,+49(0)0214 95270,Lina,,Ms Lina Scheibe,Female,Newspaper Publishers,Fleischer,Scheibe,irmingard.textor@velo-gmbh.de,Channel Partner,Lower Income,+49 (0) 9109 369212,1000+,Gear Killer GmbH,+49(0)5540 32474,de,Qualified,irmingard.textor@velo-gmbh.de,2024-07-07,Product Enquiry,Ms,Cold Calling,Switzerland,0,https://krein.de/
LEAD-82055,Open,5037435,1,CAMP-0012,Bruck an der Leitha,Gear Killer GmbH,Austria,0,dippeleleonora@oderwald.com,(01966) 251136,Änne,,Ms Änne Zorbach,Female,Securities & Commodity Exchanges,Friseur,Zorbach,lieschen.etzler@velo-gmbh.de,Channel Partner,Upper Income,0485686262,1-10,Gear Killer GmbH,00635050046,de,Unqualified,,,Product Enquiry,Ms,Existing Customer,Austria,0,https://krein.de/
LEAD-57136,Opportunity,996594,0,CAMP-0019,Melk,Cycle Roht KG,Austria,0,mechthildjacob@henschel.com,04076 371747,Jochem,,Mr Jochem Reichmann,Female,Publishing,Designer,Reichmann,lieschen.etzler@velo-gmbh.de,Client,Upper Income,+49(0)0051882568,201-500,Cycle Roht KG,0526014786,de,Qualified,lieschen.etzler@velo-gmbh.de,2024-07-08,Product Enquiry,Mr,Cold Calling,Austria,0,http://klemt.com/
LEAD-45599,Converted,5464096,0,CAMP-0009,Lemgo,Ride Reuter AG,Germany,0,kai-uwebecker@bauer.de,(05055) 734944,Arnim,,Ms Arnim Börner,Male,Airline,Medizininformatiker,Börner,soeren.seifert@velo-gmbh.de,Consultant,Lower Income,00778 60981,501-1000,Ride Reuter AG,(00395) 335837,de,Qualified,soeren.seifert@velo-gmbh.de,2024-07-19,Product Enquiry,Ms,Supplier Reference,Switzerland,0,http://www.hornig.de/
LEAD-68149,Replied,5109507,1,CAMP-0002,Mittweida,Chain Döhn e.K.,Germany,0,poelitzwerner@krebs.de,06245 016964,Maria-Luise,,Ms Maria-Luise Sontag,Female,Publishing,Mechaniker,Sontag,dimitri.gerlach@velo-gmbh.de,Consultant,Middle Income,+49(0) 480372389,1-10,Chain Döhn e.K.,+49(0)0037 86598,de,Unqualified,,,Product Enquiry,Ms,Mass Mailing,Germany,0,http://www.weller.net/
LEAD-36493,Interested,4497272,0,CAMP-0016,Werdau,Cycle Wagenknecht OHG,Germany,0,jloewer@ullrich.com,03032 57237,Alwina,,Mr Alwina Gieß,Female,Executive Search,Polizist,Gieß,sophie.trubin@velo-gmbh.de,Consultant,Lower Income,+49(0) 818791815,51-200,Cycle Wagenknecht OHG,+49(0)4617197008,de,Unqualified,,,Product Enquiry,Mr,Supplier Reference,Switzerland,0,http://scheel.com/
LEAD-81884,Open,794433,0,CAMP-0020,Maissau,Bike Steckel GbR,Austria,0,owilmsen@heinz.de,03017 926988,Vinko,,Ms Vinko Renner,Female,Health Care,Bäcker,Renner,johanne.winkler@velo-gmbh.de,Client,Upper Income,04065520285,1000+,Bike Steckel GbR,+49(0)7826501616,de,Unqualified,,,Product Enquiry,Ms,Campaign,Switzerland,0,http://www.schmiedt.net/
LEAD-43287,Converted,9842176,1,CAMP-0012,Crailsheim,Pedal Mielcarek KG,Germany,0,zgierschner@groettner.de,+49(0)1827 288295,Reingard,,Dr Reingard Schulz,Female,Computer,Techniker,Schulz,sophie.trubin@velo-gmbh.de,Consultant,Upper Income,0252285458,201-500,Pedal Mielcarek KG,(01895) 14258,de,Qualified,sophie.trubin@velo-gmbh.de,2024-07-16,Product Enquiry,Dr,Supplier Reference,Austria,0,https://stoll.com/
LEAD-12474,Quotation,8835068,0,CAMP-0020,Hinwil,Pedal Mies OHG,Switzerland,0,danny66@froehlich.net,+49 (0) 7700 500498,Marija,,Dr Marija Gumprich,Male,Telecommunications,Florist,Gumprich,soeren.seifert@velo-gmbh.de,Client,Upper Income,0633776979,51-200,Pedal Mies OHG,(09282) 39196,de,Qualified,soeren.seifert@velo-gmbh.de,2024-07-07,Product Enquiry,Dr,Customer's Vendor,Austria,0,https://ullmann.org/
LEAD-24274,Open,2380513,0,CAMP-0004,Val-de-Travers,Gear Möchlichen OHG,Switzerland,0,uherrmann@hartung.net,+49(0) 686731716,Susanna,,Mr Susanna Fröhlich,Female,Aerospace,Programmierer,Fröhlich,apostolos.scholtz@velo-gmbh.de,Client,Middle Income,+49 (0) 6525 047919,1000+,Gear Möchlichen OHG,+49(0)1475 641333,de,Unqualified,,,Product Enquiry,Mr,Exhibition,Austria,0,https://karz.de/
LEAD-51809,Open,2147901,1,CAMP-0014,Neunkirchen,Cycle Roht KG,Austria,0,zhoefig@soeding.net,+49(0)2244 351929,Bekir,,Ms Bekir Bonbach,Male,Real Estate,Arzt,Bonbach,hilma.juettner@velo-gmbh.de,Consultant,Upper Income,0185108587,51-200,Cycle Roht KG,05705 972487,de,Unqualified,,,Product Enquiry,Ms,Mass Mailing,Switzerland,0,http://klemt.com/
LEAD-56323,Quotation,1828456,0,CAMP-0012,Bad Mergentheim,Cycle Säuberlich AG,Germany,0,weckbauer@gertz.com,+49(0)2345 11077,Mina,,Dr Mina Gutknecht,Female,Private Equity,Fachinformatiker,Gutknecht,mato.pruschke@velo-gmbh.de,Consultant,Upper Income,07576303504,1000+,Cycle Säuberlich AG,(02798) 379788,de,Qualified,mato.pruschke@velo-gmbh.de,2024-07-16,Product Enquiry,Dr,Mass Mailing,Germany,0,http://linke.com/
LEAD-73970,Open,4514470,0,CAMP-0007,Sangerhausen,Frame Kreusel KG,Germany,0,anthonybinner@junck.org,+49(0) 724861497,Justina,,Ms Justina Gröttner,Female,Automotive,Designer,Gröttner,apostolos.scholtz@velo-gmbh.de,Client,Lower Income,+49(0)8348 631829,201-500,Frame Kreusel KG,+49(0)7658 914671,de,Unqualified,,,Product Enquiry,Ms,Existing Customer,Germany,0,https://gierschner.net/
LEAD-39410,Opportunity,8646705,1,CAMP-0008,Attnang-Puchheim,Chain Klotz AG,Austria,0,ottfriedmaelzer@eimer.com,01655 48160,Hiltraud,,Dr Hiltraud Gumprich,Male,Legal,Elektroniker,Gumprich,sophie.trubin@velo-gmbh.de,Channel Partner,Upper Income,01686 26311,1000+,Chain Klotz AG,05349 60385,de,Qualified,sophie.trubin@velo-gmbh.de,2024-07-03,Product Enquiry,Dr,Customer's Vendor,Austria,0,https://holzapfel.com/
LEAD-89098,Converted,8170732,0,CAMP-0020,Martigny,Cycle Fliegner AG,Switzerland,0,adrianthies@schlosser.org,+49(0) 148737065,Theres,,Dr Theres Winkler,Female,Sports,Designer,Winkler,lieschen.etzler@velo-gmbh.de,Channel Partner,Lower Income,+49(0) 449541560,201-500,Cycle Fliegner AG,+49(0)7855344893,de,Qualified,lieschen.etzler@velo-gmbh.de,2024-07-15,Product Enquiry,Dr,Campaign,Germany,0,http://www.muelichen.org/
LEAD-8736,Converted,6350173,0,CAMP-0002,Melk,Pedal Mälzer OHG,Austria,0,donata72@weinhage.de,(02719) 890364,Wolf,,Ms Wolf Hänel,Male,Consumer Products,Forstwirt,Hänel,dimitri.gerlach@velo-gmbh.de,Channel Partner,Lower Income,03906 93770,201-500,Pedal Mälzer OHG,0791704438,de,Qualified,dimitri.gerlach@velo-gmbh.de,2024-07-05,Product Enquiry,Ms,Existing Customer,Austria,0,http://schuchhardt.org/
LEAD-11021,Opportunity,9447696,1,CAMP-0018,Schwanenstadt,Gear Killer GmbH,Austria,0,walentina10@heintze.com,+49(0) 146918163,Klaus,,Mr Klaus Ruppert,Male,Venture Capital,Binnenschiffer,Ruppert,marzena.kramer@velo-gmbh.de,Channel Partner,Middle Income,03600 92062,1000+,Gear Killer GmbH,+49(0)6184 758890,de,Qualified,marzena.kramer@velo-gmbh.de,2024-07-20,Product Enquiry,Mr,Customer's Vendor,Austria,0,https://krein.de/
LEAD-749,Replied,8588420,0,CAMP-0003,Wiedenbrück,Velocity Wieloch KG,Germany,0,wielochvitali@geissler.org,09508 45566,Sinaida,,Mr Sinaida Carsten,Female,Online Auctions,Asphaltbauer,Carsten,marzena.kramer@velo-gmbh.de,Channel Partner,Middle Income,+49(0)2402 73977,501-1000,Velocity Wieloch KG,03085 421144,de,Unqualified,,,Product Enquiry,Mr,Campaign,Switzerland,0,http://wohlgemut.org/
LEAD-30059,Opportunity,903752,1,CAMP-0005,Zossen,Gear Hein OHG,Germany,0,bstahr@thies.de,+49 (0) 5900 799241,Polina,,Ms Polina Mohaupt,Male,Telecommunications,Altenpfleger,Mohaupt,marzena.kramer@velo-gmbh.de,Channel Partner,Upper Income,(03657) 539987,1000+,Gear Hein OHG,(08919) 72690,de,Qualified,marzena.kramer@velo-gmbh.de,2024-07-08,Product Enquiry,Ms,Supplier Reference,Switzerland,0,https://www.seifert.de/
LEAD-45197,Replied,7505174,1,CAMP-0008,Dinslaken,Ride Bruder e.K.,Germany,0,beataloeffler@heidrich.com,+49 (0) 1716 676818,Friedbert,,Dr Friedbert Butte,Male,Retail & Wholesale,Informatiker,Butte,sophie.trubin@velo-gmbh.de,Channel Partner,Upper Income,(09077) 923623,51-200,Ride Bruder e.K.,0955027102,de,Unqualified,,,Product Enquiry,Dr,Walk In,Switzerland,0,http://hellwig.de/
LEAD-59111,Opportunity,5150793,0,CAMP-0004,Pasewalk,Chain Hiller GbR,Germany,0,hethurdanuta@winkler.de,+49(0)4806628655,Astrid,,Dr Astrid Scholl,Female,Pharmaceuticals,Beamter,Scholl,dimitri.gerlach@velo-gmbh.de,Client,Upper Income,09493520136,1-10,Chain Hiller GbR,+49 (0) 0935 954853,de,Qualified,dimitri.gerlach@velo-gmbh.de,2024-07-11,Product Enquiry,Dr,Supplier Reference,Switzerland,0,http://www.gertz.net/
LEAD-27200,Replied,759634,1,CAMP-0009,Marchtrenk,Pedal Mälzer OHG,Austria,0,ibloch@freudenberger.com,+49(0)7653887127,Meike,,Mr Meike Cichorius,Male,Defense,Pfleger,Cichorius,lieschen.etzler@velo-gmbh.de,Client,Middle Income,08853640922,11-50,Pedal Mälzer OHG,08193 700120,de,Unqualified,,,Product Enquiry,Mr,Existing Customer,Austria,0,http://schuchhardt.org/
LEAD-47469,Replied,2181869,1,CAMP-0018,Brig-Glis,Bike Mende AG,Switzerland,0,nkoch-ii@zaenker.net,0060706552,Alexandra,,Mr Alexandra Pieper,Male,Entertainment & Leisure,Winzer,Pieper,agatha.saeuberlich@velo-gmbh.de,Channel Partner,Middle Income,00345203077,11-50,Bike Mende AG,+49 (0) 5236 246649,de,Unqualified,,,Product Enquiry,Mr,Supplier Reference,Austria,0,http://www.klingelhoefer.com/
LEAD-16707,Converted,2688307,1,CAMP-0016,Gießen,Chain Hiller GbR,Germany,0,hannchen54@bachmann.com,(00422) 59619,Kati,,Ms Kati Köster,Male,Pharmaceuticals,Augenoptiker,Köster,herbert.zorbach@velo-gmbh.de,Channel Partner,Upper Income,01016 287287,201-500,Chain Hiller GbR,03471 715105,de,Qualified,herbert.zorbach@velo-gmbh.de,2024-07-24,Product Enquiry,Ms,Existing Customer,Switzerland,0,http://www.gertz.net/
LEAD-18086,Open,4329717,1,CAMP-0012,Ludwigslust,Chain Döhn e.K.,Germany,0,yusufnohlmans@fliegner.com,+49(0)5979 76871,Heinz-Peter,,Dr Heinz-Peter Nohlmans,Male,Securities & Commodity Exchanges,Informatiker,Nohlmans,mato.pruschke@velo-gmbh.de,Channel Partner,Upper Income,06095 69175,11-50,Chain Döhn e.K.,+49(0)2945 71358,de,Unqualified,,,Product Enquiry,Dr,Mass Mailing,Austria,0,http://www.weller.net/
LEAD-76585,Replied,9251110,0,CAMP-0008,Suhr,Bike Hölzenbecher OHG,Switzerland,0,warmergerard@gunpf.net,(07531) 07564,Corina,,Mr Corina Schweitzer,Male,Chemical,Medizininformatiker,Schweitzer,soeren.seifert@velo-gmbh.de,Client,Middle Income,08542 694989,51-200,Bike Hölzenbecher OHG,02139207323,de,Unqualified,,,Product Enquiry,Mr,Campaign,Austria,0,http://mude.de/
LEAD-88516,Converted,3033636,1,CAMP-0010,Langenlois,Cycle Roht KG,Austria,0,zvogt@hornich.de,(01703) 640578,Alicia,,Dr Alicia Mans,Male,Venture Capital,Forstwirt,Mans,apostolos.scholtz@velo-gmbh.de,Consultant,Middle Income,+49 (0) 5624 137251,1000+,Cycle Roht KG,+49(0)2920 75922,de,Qualified,apostolos.scholtz@velo-gmbh.de,2024-07-31,Product Enquiry,Dr,Existing Customer,Austria,0,http://klemt.com/
LEAD-14977,Open,8970315,1,CAMP-0018,Litschau,Cycle Roht KG,Austria,0,claus-peterkade@koch.org,+49(0) 774698428,Luzia,,Mr Luzia Säuberlich,Male,Apparel & Accessories,Chemikant,Säuberlich,marzena.kramer@velo-gmbh.de,Channel Partner,Lower Income,+49 (0) 2100 902386,501-1000,Cycle Roht KG,+49(0)6211115832,de,Unqualified,,,Product Enquiry,Mr,Supplier Reference,Germany,0,http://klemt.com/
LEAD-7584,Interested,4879941,0,CAMP-0012,Hannoversch Münden,Bike Mies GbR,Germany,0,monica11@berger.com,+49(0)0782741025,Maya,,Mr Maya Nerger,Female,Transportation,Arzt,Nerger,irmingard.textor@velo-gmbh.de,Channel Partner,Lower Income,+49 (0) 4055 218030,51-200,Bike Mies GbR,+49(0) 498538150,de,Unqualified,,,Product Enquiry,Mr,Cold Calling,Germany,0,http://www.gertz.com/
LEAD-68179,Replied,9888495,0,CAMP-0014,Stäfa,Ride Pohl KG,Switzerland,0,mtlustek@bluemel.de,02762 615802,Andrey,,Mr Andrey Schulz,Female,Defense,Techniker,Schulz,marzena.kramer@velo-gmbh.de,Consultant,Lower Income,0948332137,1000+,Ride Pohl KG,+49(0)2045 369445,de,Unqualified,,,Product Enquiry,Mr,Campaign,Germany,0,https://www.muelichen.com/
LEAD-53965,Replied,2337189,0,CAMP-0020,Radstadt,Bike Ullrich OHG,Austria,0,ofaust@ring.net,+49 (0) 8655 217276,Ortwin,,Ms Ortwin Freudenberger,Male,Electronics,Bäcker,Freudenberger,johanne.winkler@velo-gmbh.de,Client,Lower Income,+49(0)7697327547,1000+,Bike Ullrich OHG,(07874) 738908,de,Unqualified,,,Product Enquiry,Ms,Exhibition,Switzerland,0,http://benthin.net/
LEAD-38124,Interested,577211,0,CAMP-0017,Tecklenburg,Ride Bruder e.K.,Germany,0,franjo57@luebs.com,01812 939326,Jennifer,,Mr Jennifer Eckbauer,Female,Accounting,Pfleger,Eckbauer,hilma.juettner@velo-gmbh.de,Client,Upper Income,(04325) 86623,1-10,Ride Bruder e.K.,+49(0)4323297237,de,Unqualified,,,Product Enquiry,Mr,Advertisement,Germany,0,http://hellwig.de/
LEAD-56180,Lost Quotation,909490,0,CAMP-0009,Feldkirchen,Cycle Roht KG,Austria,0,gretelweller@hahn.de,07676913010,Fanny,,Dr Fanny Beckmann,Female,Soap & Detergent,Fleischer,Beckmann,irmingard.textor@velo-gmbh.de,Client,Upper Income,(02610) 765547,51-200,Cycle Roht KG,06780 20321,de,Unqualified,,,Product Enquiry,Dr,Mass Mailing,Austria,0,http://klemt.com/
LEAD-66565,Interested,4862565,1,CAMP-0013,Hardegg,Frame Lehmann GbR,Austria,0,felicia95@jungfer.com,(02229) 94597,Marita,,Mr Marita Lorch,Male,Cosmetics,Erzieher,Lorch,agatha.saeuberlich@velo-gmbh.de,Client,Lower Income,07312 116096,51-200,Frame Lehmann GbR,(08088) 69522,de,Unqualified,,,Product Enquiry,Mr,Walk In,Germany,0,http://www.scheel.org/
LEAD-91285,Converted,6500061,0,CAMP-0015,Lausanne,Chain Wulff GbR,Switzerland,0,schaeferkaroline@gorlitz.org,04013 75283,Benno,,Dr Benno Karz,Male,Pharmaceuticals,Techniker,Karz,jolanda.schoenland@velo-gmbh.de,Client,Upper Income,0716293479,11-50,Chain Wulff GbR,09885 24810,de,Qualified,jolanda.schoenland@velo-gmbh.de,2024-07-04,Product Enquiry,Dr,Mass Mailing,Austria,0,https://henschel.net/
LEAD-30743,Replied,6915352,1,CAMP-0005,Radstadt,Cycle Roht KG,Austria,0,eetzold@hentschel.com,(07298) 673131,Erich,,Ms Erich Hermann,Male,Banking,Artist,Hermann,mato.pruschke@velo-gmbh.de,Client,Upper Income,+49(0) 666047469,11-50,Cycle Roht KG,(01516) 56764,de,Unqualified,,,Product Enquiry,Ms,Reference,Germany,0,http://klemt.com/
LEAD-82909,Replied,3295099,1,CAMP-0004,Groß-Enzersdorf,Bike Ullrich OHG,Austria,0,friedholdlinke@reising.de,(05965) 48456,Irmela,,Dr Irmela Heser,Female,Broadcasting,Techniker,Heser,marzena.kramer@velo-gmbh.de,Consultant,Middle Income,+49(0)2325 55888,51-200,Bike Ullrich OHG,+49(0)7220456627,de,Unqualified,,,Product Enquiry,Dr,Supplier Reference,Switzerland,0,http://benthin.net/
LEAD-40604,Replied,4648750,0,CAMP-0010,Lübeck,Pedal Gude e.K.,Germany,0,schmidtkeaziz@rust.com,07598 963478,Josefa,,Ms Josefa Heinz,Male,Cosmetics,Drogist,Heinz,herbert.zorbach@velo-gmbh.de,Channel Partner,Lower Income,0732165618,1000+,Pedal Gude e.K.,0095047812,de,Unqualified,,,Product Enquiry,Ms,Existing Customer,Germany,0,http://www.koehler.net/
LEAD-90523,Open,4929967,0,CAMP-0015,Volketswil,Cycle Fliegner AG,Switzerland,0,hschmidt@rohleder.com,0029010993,Natalija,,Ms Natalija Sorgatz,Female,Energy,Bankkaufmann,Sorgatz,sophie.trubin@velo-gmbh.de,Channel Partner,Upper Income,+49(0) 640457289,11-50,Cycle Fliegner AG,0376767267,de,Unqualified,,,Product Enquiry,Ms,Walk In,Germany,0,http://www.muelichen.org/
LEAD-16143,Open,2672,1,CAMP-0014,Husum,Frame Kreusel KG,Germany,0,adamatzler@weinhage.net,(04355) 665376,Sieglinde,,Dr Sieglinde Fiebig,Female,Transportation,Fleischer,Fiebig,irmingard.textor@velo-gmbh.de,Client,Lower Income,08690 40419,501-1000,Frame Kreusel KG,+49(0)7032 14548,de,Unqualified,,,Product Enquiry,Dr,Exhibition,Germany,0,https://gierschner.net/
LEAD-89071,Interested,5256961,0,CAMP-0001,Pirmasens,Gear Hölzenbecher e.K.,Germany,0,whofmann@junitz.com,+49(0)3335808996,Barbara,,Mr Barbara Flantz,Female,Technology,Fleischer,Flantz,hilma.juettner@velo-gmbh.de,Client,Upper Income,09741583811,1000+,Gear Hölzenbecher e.K.,(04044) 41593,de,Unqualified,,,Product Enquiry,Mr,Advertisement,Austria,0,https://schlosser.com/
LEAD-53140,Opportunity,9621660,1,CAMP-0016,Belzig,Chain Döhn e.K.,Germany,0,heydrichgebhard@textor.de,02686767695,Silvester,,Ms Silvester Mohaupt,Female,Consulting,Forstwirt,Mohaupt,jolanda.schoenland@velo-gmbh.de,Client,Lower Income,(00292) 45669,501-1000,Chain Döhn e.K.,(00686) 61575,de,Qualified,jolanda.schoenland@velo-gmbh.de,2024-07-29,Product Enquiry,Ms,Mass Mailing,Germany,0,http://www.weller.net/
LEAD-50609,Quotation,7206689,0,CAMP-0013,Frauenfeld,Ride Gnatz KG,Switzerland,0,heide-marie88@karge.com,04845 962450,Anne-Rose,,Mr Anne-Rose Jähn,Male,Banking,Fachinformatiker,Jähn,apostolos.scholtz@velo-gmbh.de,Channel Partner,Lower Income,05565 998324,51-200,Ride Gnatz KG,+49(0)2647 358267,de,Qualified,apostolos.scholtz@velo-gmbh.de,2024-07-23,Product Enquiry,Mr,Customer's Vendor,Switzerland,0,https://www.doerr.de/
LEAD-76133,Converted,4543513,1,CAMP-0018,Gföhl,Chain Graf KG,Austria,0,steckelheide@rohleder.de,+49 (0) 9616 893312,Leila,,Ms Leila Riehl,Female,Advertising,Pilot,Riehl,sophie.trubin@velo-gmbh.de,Channel Partner,Upper Income,+49(0)7901 246593,11-50,Chain Graf KG,+49(0)7889 52290,de,Qualified,sophie.trubin@velo-gmbh.de,2024-07-29,Product Enquiry,Ms,Mass Mailing,Switzerland,0,https://www.lehmann.net/
LEAD-92449,Opportunity,2952367,1,CAMP-0019,Bernburg,Cycle Gumprich KG,Germany,0,mpieper@klingelhoefer.com,+49 (0) 8624 012855,Mechthilde,,Dr Mechthilde Neureuther,Female,Consumer Products,Fachinformatiker,Neureuther,soeren.seifert@velo-gmbh.de,Consultant,Upper Income,+49(0)7734185289,501-1000,Cycle Gumprich KG,+49(0)2700388555,de,Qualified,soeren.seifert@velo-gmbh.de,2024-07-05,Product Enquiry,Dr,Mass Mailing,Austria,0,https://www.trommler.com/
LEAD-8218,Interested,6634435,0,CAMP-0005,Eisleben,Chain Hiller GbR,Germany,0,zfischer@sager.com,+49(0)0949 696343,Klothilde,,Dr Klothilde Budig,Female,Broadcasting,Krankenschwester,Budig,apostolos.scholtz@velo-gmbh.de,Consultant,Upper Income,(05984) 96875,51-200,Chain Hiller GbR,+49(0)1274760965,de,Unqualified,,,Product Enquiry,Dr,Advertisement,Austria,0,http://www.gertz.net/
LEAD-95043,Opportunity,7272983,0,CAMP-0003,Genf,Chain Wulff GbR,Switzerland,0,suse92@heser.de,+49(0)6449 94275,Trude,,Mr Trude van der Dussen,Male,Real Estate,Altenpfleger,van der Dussen,dimitri.gerlach@velo-gmbh.de,Channel Partner,Upper Income,(01100) 471507,1000+,Chain Wulff GbR,0565344740,de,Qualified,dimitri.gerlach@velo-gmbh.de,2024-07-17,Product Enquiry,Mr,Walk In,Germany,0,https://henschel.net/
LEAD-11813,Open,4660446,0,CAMP-0002,Gloggnitz,Bike Steckel GbR,Austria,0,zwohlgemut@muelichen.org,+49(0) 747932403,Reza,,Dr Reza Atzler,Female,Sports,Binnenschiffer,Atzler,soeren.seifert@velo-gmbh.de,Consultant,Middle Income,+49(0)6960742130,11-50,Bike Steckel GbR,02686 999877,de,Unqualified,,,Product Enquiry,Dr,Customer's Vendor,Switzerland,0,http://www.schmiedt.net/
LEAD-8602,Interested,9666337,0,CAMP-0013,Veyrier,Bike Rädel AG,Switzerland,0,gullrich@oderwald.com,0612173108,Christiane,,Dr Christiane Förster,Male,Apparel & Accessories,Beamter,Förster,marzena.kramer@velo-gmbh.de,Consultant,Upper Income,+49(0)5614200519,201-500,Bike Rädel AG,+49(0) 502532147,de,Unqualified,,,Product Enquiry,Dr,Cold Calling,Germany,0,https://kohl.com/
LEAD-67825,Interested,180797,1,CAMP-0006,Wolmirstedt,Ride Reuter AG,Germany,0,kaululla@zimmer.de,02583 332021,Felicitas,,Dr Felicitas Hornich,Female,Advertising,Binnenschiffer,Hornich,lieschen.etzler@velo-gmbh.de,Consultant,Upper Income,0511442871,1-10,Ride Reuter AG,+49(0)7645 835126,de,Unqualified,,,Product Enquiry,Dr,Customer's Vendor,Germany,0,http://www.hornig.de/
