ID,Company,Currency,Date,Exchange Rate,Series,Status,Supplier,Title,ID (Items),Amount (Items),Item Code (Items),Item Name (Items),Quantity (Items),Rate (Items),Required By (Items),Stock UOM (Items),UOM (Items),UOM Conversion Factor (Items),Set Target Warehouse,Net Total,Total Taxes and Charges,Grand Total,Rounded Total
PUR-ORD-2024-00020,Velo GmbH,EUR,2020-11-20,"1,00",PUR-ORD-.YYYY.-,To Receive and Bill,SUP-7171,Purchase Order for SUP-7171,ulglhnh9uj,7500.0,COMP-0015,Kette 9-fach,500,15.0,2020-11-27,Nos,Nos,1.0,Lager Stuttgart - B,"7500,00","1425,00","8925,00","8925,00"
PUR-ORD-2024-00021,Velo GmbH,EUR,2021-08-31,"1,00",PUR-ORD-.YYYY.-,To Receive and Bill,SUP-4312,Purchase Order for SUP-4312,ulgoh5l2vu,7500.0,COMP-0031,Vorbau Standardvorbau,500,15.0,2021-09-07,Nos,Nos,1.0,Lager Stuttgart - B,"7500,00","1425,00","8925,00","8925,00"
PUR-ORD-2024-00022,Velo GmbH,EUR,2022-01-16,"1,00",PUR-ORD-.YYYY.-,To Receive and Bill,SUP-7331,Purchase Order for SUP-7331,ulgu55pgjo,7500.0,COMP-0027,Vorbau Standardvorbau,500,15.0,2022-01-23,Nos,Nos,1.0,Lager Stuttgart - B,"7500,00","1425,00","8925,00","8925,00"
PUR-ORD-2024-00023,Velo GmbH,EUR,2020-12-25,"1,00",PUR-ORD-.YYYY.-,To Receive and Bill,SUP-7559,Purchase Order for SUP-7559,ulh15qbga0,50000.0,COMP-0004,Laufräder 28 Zoll,500,100.0,2021-01-01,Nos,Nos,1.0,Lager Stuttgart - B,"50000,00","9500,00","59500,00","59500,00"
PUR-ORD-2024-00024,Velo GmbH,EUR,2019-11-14,"1,00",PUR-ORD-.YYYY.-,To Receive and Bill,SUP-9071,Purchase Order for SUP-9071,ulh456hhmo,90000.0,COMP-0037,Schaltung 2x11 Rennrad,500,180.0,2019-11-21,Nos,Nos,1.0,Lager Stuttgart - B,"90000,00","17100,00","107100,00","107100,00"
PUR-ORD-2024-00025,Velo GmbH,EUR,2021-12-28,"1,00",PUR-ORD-.YYYY.-,To Receive and Bill,SUP-5367,Purchase Order for SUP-5367,ulh8hc527v,40000.0,COMP-0033,Controller Leistungsstark,500,80.0,2022-01-04,Nos,Nos,1.0,Lager Stuttgart - B,"40000,00","7600,00","47600,00","47600,00"
PUR-ORD-2024-00026,Velo GmbH,EUR,2020-03-31,"1,00",PUR-ORD-.YYYY.-,To Receive and Bill,SUP-7127,Purchase Order for SUP-7127,ulhc6a117l,10000.0,COMP-0012,Steuersatz Integriert,500,20.0,2020-04-07,Nos,Nos,1.0,Lager Stuttgart - B,"10000,00","1900,00","11900,00","11900,00"
PUR-ORD-2024-00027,Velo GmbH,EUR,2021-05-01,"1,00",PUR-ORD-.YYYY.-,To Receive and Bill,SUP-8134,Purchase Order for SUP-8134,ulhg1u8ebt,40000.0,COMP-0055,Gabel Starrgabel,500,80.0,2021-05-08,Nos,Nos,1.0,Lager Stuttgart - B,"40000,00","7600,00","47600,00","47600,00"
PUR-ORD-2024-00028,Velo GmbH,EUR,2021-02-09,"1,00",PUR-ORD-.YYYY.-,To Receive and Bill,SUP-7127,Purchase Order for SUP-7127,ulhja4vkkd,10000.0,COMP-0012,Steuersatz Integriert,500,20.0,2021-02-16,Nos,Nos,1.0,Lager Stuttgart - B,"10000,00","1900,00","11900,00","11900,00"
PUR-ORD-2024-00029,Velo GmbH,EUR,2021-09-04,"1,00",PUR-ORD-.YYYY.-,To Receive and Bill,SUP-9071,Purchase Order for SUP-9071,ulhn8irdif,40000.0,COMP-0003,Controller Leistungsstark,500,80.0,2021-09-11,Nos,Nos,1.0,Lager Stuttgart - B,"40000,00","7600,00","47600,00","47600,00"
PUR-ORD-2024-00030,Velo GmbH,EUR,2021-02-10,"1,00",PUR-ORD-.YYYY.-,To Receive and Bill,SUP-7127,Purchase Order for SUP-7127,ulhqrc7eg8,10000.0,COMP-0012,Steuersatz Integriert,500,20.0,2021-02-17,Nos,Nos,1.0,Lager Stuttgart - B,"10000,00","1900,00","11900,00","11900,00"
PUR-ORD-2024-00031,Velo GmbH,EUR,2023-05-13,"1,00",PUR-ORD-.YYYY.-,To Receive and Bill,SUP-5728,Purchase Order for SUP-5728,ulhtu3n4ro,50000.0,COMP-0053,Bremssystem Hydraulisch,500,100.0,2023-05-20,Nos,Nos,1.0,Lager Stuttgart - B,"50000,00","9500,00","59500,00","59500,00"
PUR-ORD-2024-00032,Velo GmbH,EUR,2020-09-19,"1,00",PUR-ORD-.YYYY.-,To Receive and Bill,SUP-4312,Purchase Order for SUP-4312,uli0denq95,7500.0,COMP-0031,Vorbau Standardvorbau,500,15.0,2020-09-26,Nos,Nos,1.0,Lager Stuttgart - B,"7500,00","1425,00","8925,00","8925,00"
PUR-ORD-2024-00033,Velo GmbH,EUR,2022-06-12,"1,00",PUR-ORD-.YYYY.-,To Receive and Bill,SUP-3188,Purchase Order for SUP-3188,uli3riuead,20000.0,COMP-0014,Bremsen Scheibenbremsen mechanisch,500,40.0,2022-06-19,Nos,Nos,1.0,Lager Stuttgart - B,"20000,00","3800,00","23800,00","23800,00"
PUR-ORD-2024-00034,Velo GmbH,EUR,2020-10-22,"1,00",PUR-ORD-.YYYY.-,To Receive and Bill,SUP-9131,Purchase Order for SUP-9131,uli6dqnru7,12500.0,COMP-0020,Sattel Gel,500,25.0,2020-10-29,Nos,Nos,1.0,Lager Stuttgart - B,"12500,00","2375,00","14875,00","14875,00"
PUR-ORD-2024-00035,Velo GmbH,EUR,2020-10-25,"1,00",PUR-ORD-.YYYY.-,To Receive and Bill,SUP-3188,Purchase Order for SUP-3188,uli97d4ilh,7500.0,COMP-0018,Vorbau Standardvorbau,500,15.0,2020-11-01,Nos,Nos,1.0,Lager Stuttgart - B,"7500,00","1425,00","8925,00","8925,00"
PUR-ORD-2024-00036,Velo GmbH,EUR,2020-07-22,"1,00",PUR-ORD-.YYYY.-,To Receive and Bill,SUP-7127,Purchase Order for SUP-7127,ulicq0kd10,35000.0,COMP-0019,Display Smartphone-Integration,500,70.0,2020-07-29,Nos,Nos,1.0,Lager Stuttgart - B,"35000,00","6650,00","41650,00","41650,00"
PUR-ORD-2024-00037,Velo GmbH,EUR,2022-01-09,"1,00",PUR-ORD-.YYYY.-,To Receive and Bill,SUP-7331,Purchase Order for SUP-7331,ulif9rgmup,100000.0,COMP-0028,Motor Mittelmotor 500W,500,200.0,2022-01-16,Nos,Nos,1.0,Lager Stuttgart - B,"100000,00","19000,00","119000,00","119000,00"
PUR-ORD-2024-00038,Velo GmbH,EUR,2023-06-19,"1,00",PUR-ORD-.YYYY.-,To Receive and Bill,SUP-8367,Purchase Order for SUP-8367,uliiife3jt,20000.0,COMP-0036,Kurbel 3-fach,500,40.0,2023-06-26,Nos,Nos,1.0,Lager Stuttgart - B,"20000,00","3800,00","23800,00","23800,00"
PUR-ORD-2024-00039,Velo GmbH,EUR,2020-12-07,"1,00",PUR-ORD-.YYYY.-,To Receive and Bill,SUP-8134,Purchase Order for SUP-8134,ulil98kc41,7500.0,COMP-0021,Vorbau Standardvorbau,500,15.0,2020-12-14,Nos,Nos,1.0,Lager Stuttgart - B,"7500,00","1425,00","8925,00","8925,00"
PUR-ORD-2024-00040,Velo GmbH,EUR,2022-04-10,"1,00",PUR-ORD-.YYYY.-,To Receive and Bill,SUP-4770,Purchase Order for SUP-4770,uliogt4t60,40000.0,COMP-0013,Controller Leistungsstark,500,80.0,2022-04-17,Nos,Nos,1.0,Lager Stuttgart - B,"40000,00","7600,00","47600,00","47600,00"
PUR-ORD-2024-00041,Velo GmbH,EUR,2024-03-21,"1,00",PUR-ORD-.YYYY.-,To Receive and Bill,SUP-4312,Purchase Order for SUP-4312,ulirki60ep,7500.0,COMP-0031,Vorbau Standardvorbau,500,15.0,2024-03-28,Nos,Nos,1.0,Lager Stuttgart - B,"7500,00","1425,00","8925,00","8925,00"
PUR-ORD-2024-00042,Velo GmbH,EUR,2023-12-20,"1,00",PUR-ORD-.YYYY.-,To Receive and Bill,SUP-5273,Purchase Order for SUP-5273,ulitgao813,125000.0,COMP-0052,Rahmen Aluminium,500,250.0,2023-12-27,Nos,Nos,1.0,Lager Stuttgart - B,"125000,00","23750,00","148750,00","148750,00"
PUR-ORD-2024-00043,Velo GmbH,EUR,2020-03-31,"1,00",PUR-ORD-.YYYY.-,To Receive and Bill,SUP-5728,Purchase Order for SUP-5728,ulj044dujd,30000.0,COMP-0041,Controller Standard,500,60.0,2020-04-07,Nos,Nos,1.0,Lager Stuttgart - B,"30000,00","5700,00","35700,00","35700,00"
PUR-ORD-2024-00044,Velo GmbH,EUR,2021-03-29,"1,00",PUR-ORD-.YYYY.-,To Receive and Bill,SUP-7885,Purchase Order for SUP-7885,ulj3d149kp,12500.0,COMP-0048,Steuersatz Semi-integriert,500,25.0,2021-04-05,Nos,Nos,1.0,Lager Stuttgart - B,"12500,00","2375,00","14875,00","14875,00"
PUR-ORD-2024-00045,Velo GmbH,EUR,2020-03-30,"1,00",PUR-ORD-.YYYY.-,To Receive and Bill,SUP-4441,Purchase Order for SUP-4441,ulj65sntas,15000.0,COMP-0038,Lenker Riserbar,500,30.0,2020-04-06,Nos,Nos,1.0,Lager Stuttgart - B,"15000,00","2850,00","17850,00","17850,00"
PUR-ORD-2024-00046,Velo GmbH,EUR,2021-06-04,"1,00",PUR-ORD-.YYYY.-,To Receive and Bill,SUP-4441,Purchase Order for SUP-4441,ulj93vmenl,50000.0,COMP-0042,Controller Tuning-Kit,500,100.0,2021-06-11,Nos,Nos,1.0,Lager Stuttgart - B,"50000,00","9500,00","59500,00","59500,00"
PUR-ORD-2024-00047,Velo GmbH,EUR,2024-10-23,"1,00",PUR-ORD-.YYYY.-,To Receive and Bill,SUP-4365,Purchase Order for SUP-4365,uljcmshsdh,7500.0,COMP-0010,Sattelstütze Starr,500,15.0,2024-10-30,Nos,Nos,1.0,Lager Stuttgart - B,"7500,00","1425,00","8925,00","8925,00"
PUR-ORD-2024-00048,Velo GmbH,EUR,2021-05-30,"1,00",PUR-ORD-.YYYY.-,To Receive and Bill,SUP-1347,Purchase Order for SUP-1347,uljfsqanpn,12500.0,COMP-0029,Lenker Flatbar,500,25.0,2021-06-06,Nos,Nos,1.0,Lager Stuttgart - B,"12500,00","2375,00","14875,00","14875,00"
PUR-ORD-2024-00049,Velo GmbH,EUR,2023-09-20,"1,00",PUR-ORD-.YYYY.-,To Receive and Bill,SUP-9071,Purchase Order for SUP-9071,uljilp83uj,90000.0,COMP-0037,Schaltung 2x11 Rennrad,500,180.0,2023-09-27,Nos,Nos,1.0,Lager Stuttgart - B,"90000,00","17100,00","107100,00","107100,00"
PUR-ORD-2024-00050,Velo GmbH,EUR,2020-12-08,"1,00",PUR-ORD-.YYYY.-,To Receive and Bill,SUP-8134,Purchase Order for SUP-8134,uljla7kpug,7500.0,COMP-0021,Vorbau Standardvorbau,500,15.0,2020-12-15,Nos,Nos,1.0,Lager Stuttgart - B,"7500,00","1425,00","8925,00","8925,00"
PUR-ORD-2024-00051,Velo GmbH,EUR,2023-11-27,"1,00",PUR-ORD-.YYYY.-,To Receive and Bill,SUP-6297,Purchase Order for SUP-6297,uljomjqvb3,30000.0,COMP-0050,Controller Standard,500,60.0,2023-12-04,Nos,Nos,1.0,Lager Stuttgart - B,"30000,00","5700,00","35700,00","35700,00"
PUR-ORD-2024-00052,Velo GmbH,EUR,2021-07-30,"1,00",PUR-ORD-.YYYY.-,To Receive and Bill,SUP-8367,Purchase Order for SUP-8367,uljrio60hg,15000.0,COMP-0047,Lenker Riserbar,500,30.0,2021-08-06,Nos,Nos,1.0,Lager Stuttgart - B,"15000,00","2850,00","17850,00","17850,00"
PUR-ORD-2024-00053,Velo GmbH,EUR,2020-12-17,"1,00",PUR-ORD-.YYYY.-,To Receive and Bill,SUP-1186,Purchase Order for SUP-1186,ulju6l6eqc,20000.0,COMP-0039,Kurbel 3-fach,500,40.0,2020-12-24,Nos,Nos,1.0,Lager Stuttgart - B,"20000,00","3800,00","23800,00","23800,00"
PUR-ORD-2024-00054,Velo GmbH,EUR,2021-12-09,"1,00",PUR-ORD-.YYYY.-,To Receive and Bill,SUP-8367,Purchase Order for SUP-8367,ulk165cfpm,20000.0,COMP-0036,Kurbel 3-fach,500,40.0,2021-12-16,Nos,Nos,1.0,Lager Stuttgart - B,"20000,00","3800,00","23800,00","23800,00"
PUR-ORD-2024-00055,Velo GmbH,EUR,2020-03-04,"1,00",PUR-ORD-.YYYY.-,To Receive and Bill,SUP-2823,Purchase Order for SUP-2823,ulk4po610i,30000.0,COMP-0032,Controller Standard,500,60.0,2020-03-11,Nos,Nos,1.0,Lager Stuttgart - B,"30000,00","5700,00","35700,00","35700,00"
PUR-ORD-2024-00056,Velo GmbH,EUR,2020-03-29,"1,00",PUR-ORD-.YYYY.-,To Receive and Bill,SUP-7885,Purchase Order for SUP-7885,ulk7f8nupm,12500.0,COMP-0048,Steuersatz Semi-integriert,500,25.0,2020-04-05,Nos,Nos,1.0,Lager Stuttgart - B,"12500,00","2375,00","14875,00","14875,00"
PUR-ORD-2024-00057,Velo GmbH,EUR,2024-02-12,"1,00",PUR-ORD-.YYYY.-,To Receive and Bill,SUP-3098,Purchase Order for SUP-3098,ulkar75s8d,2500.0,COMP-0009,Griffe Standard,500,5.0,2024-02-19,Nos,Nos,1.0,Lager Stuttgart - B,"2500,00","475,00","2975,00","2975,00"
PUR-ORD-2024-00058,Velo GmbH,EUR,2024-02-26,"1,00",PUR-ORD-.YYYY.-,To Receive and Bill,SUP-1347,Purchase Order for SUP-1347,ulkdksivjk,12500.0,COMP-0029,Lenker Flatbar,500,25.0,2024-03-04,Nos,Nos,1.0,Lager Stuttgart - B,"12500,00","2375,00","14875,00","14875,00"
PUR-ORD-2024-00059,Velo GmbH,EUR,2022-10-13,"1,00",PUR-ORD-.YYYY.-,To Receive and Bill,SUP-1942,Purchase Order for SUP-1942,ulkglgdj70,200000.0,COMP-0056,Rahmen Carbon,500,400.0,2022-10-20,Nos,Nos,1.0,Lager Stuttgart - B,"200000,00","38000,00","238000,00","238000,00"
PUR-ORD-2024-00060,Velo GmbH,EUR,2020-05-18,"1,00",PUR-ORD-.YYYY.-,To Receive and Bill,SUP-4365,Purchase Order for SUP-4365,ulkj9r4rii,12500.0,COMP-0001,Lenker Flatbar,500,25.0,2020-05-25,Nos,Nos,1.0,Lager Stuttgart - B,"12500,00","2375,00","14875,00","14875,00"
PUR-ORD-2024-00061,Velo GmbH,EUR,2019-10-30,"1,00",PUR-ORD-.YYYY.-,To Receive and Bill,SUP-1115,Purchase Order for SUP-1115,ulknde208e,2500.0,COMP-0045,Griffe Standard,500,5.0,2019-11-06,Nos,Nos,1.0,Lager Stuttgart - B,"2500,00","475,00","2975,00","2975,00"
PUR-ORD-2024-00062,Velo GmbH,EUR,2023-09-03,"1,00",PUR-ORD-.YYYY.-,To Receive and Bill,SUP-7559,Purchase Order for SUP-7559,ulkpbrgk8q,50000.0,COMP-0004,Laufräder 28 Zoll,500,100.0,2023-09-10,Nos,Nos,1.0,Lager Stuttgart - B,"50000,00","9500,00","59500,00","59500,00"
PUR-ORD-2024-00063,Velo GmbH,EUR,2019-11-18,"1,00",PUR-ORD-.YYYY.-,To Receive and Bill,SUP-4108,Purchase Order for SUP-4108,ulks90ck73,12500.0,COMP-0035,"Reifen Gravel 29""",500,25.0,2019-11-25,Nos,Nos,1.0,Lager Stuttgart - B,"12500,00","2375,00","14875,00","14875,00"
PUR-ORD-2024-00064,Velo GmbH,EUR,2024-01-29,"1,00",PUR-ORD-.YYYY.-,To Receive and Bill,SUP-7885,Purchase Order for SUP-7885,ulkvfki5at,12500.0,COMP-0048,Steuersatz Semi-integriert,500,25.0,2024-02-05,Nos,Nos,1.0,Lager Stuttgart - B,"12500,00","2375,00","14875,00","14875,00"
PUR-ORD-2024-00065,Velo GmbH,EUR,2022-07-02,"1,00",PUR-ORD-.YYYY.-,To Receive and Bill,SUP-7185,Purchase Order for SUP-7185,ull2hiojme,25000.0,COMP-0022,Sattelstütze Teleskop,500,50.0,2022-07-09,Nos,Nos,1.0,Lager Stuttgart - B,"25000,00","4750,00","29750,00","29750,00"
PUR-ORD-2024-00066,Velo GmbH,EUR,2022-06-24,"1,00",PUR-ORD-.YYYY.-,To Receive and Bill,SUP-9123,Purchase Order for SUP-9123,ull5rpjmho,100000.0,COMP-0007,Motor Mittelmotor 500W,500,200.0,2022-07-01,Nos,Nos,1.0,Lager Stuttgart - B,"100000,00","19000,00","119000,00","119000,00"
PUR-ORD-2024-00067,Velo GmbH,EUR,2024-06-29,"1,00",PUR-ORD-.YYYY.-,To Receive and Bill,SUP-1186,Purchase Order for SUP-1186,ull89h31c4,10000.0,COMP-0024,"Reifen Straße 28""",500,20.0,2024-07-06,Nos,Nos,1.0,Lager Stuttgart - B,"10000,00","1900,00","11900,00","11900,00"
PUR-ORD-2024-00068,Velo GmbH,EUR,2020-03-26,"1,00",PUR-ORD-.YYYY.-,To Receive and Bill,SUP-9946,Purchase Order for SUP-9946,ullbjc83g9,90000.0,COMP-0011,Akku Zusatzakku,500,180.0,2020-04-02,Nos,Nos,1.0,Lager Stuttgart - B,"90000,00","17100,00","107100,00","107100,00"
PUR-ORD-2024-00069,Velo GmbH,EUR,2021-07-25,"1,00",PUR-ORD-.YYYY.-,To Receive and Bill,SUP-7559,Purchase Order for SUP-7559,ulleafn4s0,50000.0,COMP-0004,Laufräder 28 Zoll,500,100.0,2021-08-01,Nos,Nos,1.0,Lager Stuttgart - B,"50000,00","9500,00","59500,00","59500,00"
PUR-ORD-2024-00070,Velo GmbH,EUR,2021-10-04,"1,00",PUR-ORD-.YYYY.-,To Receive and Bill,SUP-4365,Purchase Order for SUP-4365,ullh2fii3m,7500.0,COMP-0010,Sattelstütze Starr,500,15.0,2021-10-11,Nos,Nos,1.0,Lager Stuttgart - B,"7500,00","1425,00","8925,00","8925,00"
PUR-ORD-2024-00071,Velo GmbH,EUR,2022-09-17,"1,00",PUR-ORD-.YYYY.-,To Receive and Bill,SUP-3188,Purchase Order for SUP-3188,ullkto4vo4,20000.0,COMP-0014,Bremsen Scheibenbremsen mechanisch,500,40.0,2022-09-24,Nos,Nos,1.0,Lager Stuttgart - B,"20000,00","3800,00","23800,00","23800,00"
PUR-ORD-2024-00072,Velo GmbH,EUR,2022-05-29,"1,00",PUR-ORD-.YYYY.-,To Receive and Bill,SUP-1186,Purchase Order for SUP-1186,ullnsl6t3l,10000.0,COMP-0024,"Reifen Straße 28""",500,20.0,2022-06-05,Nos,Nos,1.0,Lager Stuttgart - B,"10000,00","1900,00","11900,00","11900,00"
PUR-ORD-2024-00073,Velo GmbH,EUR,2022-03-18,"1,00",PUR-ORD-.YYYY.-,To Receive and Bill,SUP-8452,Purchase Order for SUP-8452,ullqeqof0l,12500.0,COMP-0016,Vorbau Verstellbarer Vorbau,500,25.0,2022-03-25,Nos,Nos,1.0,Lager Stuttgart - B,"12500,00","2375,00","14875,00","14875,00"
PUR-ORD-2024-00074,Velo GmbH,EUR,2020-02-16,"1,00",PUR-ORD-.YYYY.-,To Receive and Bill,SUP-4108,Purchase Order for SUP-4108,ulltrprea2,10000.0,COMP-0025,Sattel Komfort,500,20.0,2020-02-23,Nos,Nos,1.0,Lager Stuttgart - B,"10000,00","1900,00","11900,00","11900,00"
PUR-ORD-2024-00075,Velo GmbH,EUR,2022-04-03,"1,00",PUR-ORD-.YYYY.-,To Receive and Bill,SUP-7331,Purchase Order for SUP-7331,ulm078c3am,100000.0,COMP-0028,Motor Mittelmotor 500W,500,200.0,2022-04-10,Nos,Nos,1.0,Lager Stuttgart - B,"100000,00","19000,00","119000,00","119000,00"
PUR-ORD-2024-00076,Velo GmbH,EUR,2020-04-06,"1,00",PUR-ORD-.YYYY.-,To Receive and Bill,SUP-7171,Purchase Order for SUP-7171,ulm32e09qg,7500.0,COMP-0015,Kette 9-fach,500,15.0,2020-04-13,Nos,Nos,1.0,Lager Stuttgart - B,"7500,00","1425,00","8925,00","8925,00"
PUR-ORD-2024-00077,Velo GmbH,EUR,2020-04-13,"1,00",PUR-ORD-.YYYY.-,To Receive and Bill,SUP-1942,Purchase Order for SUP-1942,ulm6itiobv,200000.0,COMP-0056,Rahmen Carbon,500,400.0,2020-04-20,Nos,Nos,1.0,Lager Stuttgart - B,"200000,00","38000,00","238000,00","238000,00"
PUR-ORD-2024-00078,Velo GmbH,EUR,2021-09-18,"1,00",PUR-ORD-.YYYY.-,To Receive and Bill,SUP-5273,Purchase Order for SUP-5273,ulm9rpiqm4,125000.0,COMP-0052,Rahmen Aluminium,500,250.0,2021-09-25,Nos,Nos,1.0,Lager Stuttgart - B,"125000,00","23750,00","148750,00","148750,00"
PUR-ORD-2024-00079,Velo GmbH,EUR,2020-11-12,"1,00",PUR-ORD-.YYYY.-,To Receive and Bill,SUP-7042,Purchase Order for SUP-7042,ulmck97vq2,75000.0,COMP-0051,Gabel Federgabel,500,150.0,2020-11-19,Nos,Nos,1.0,Lager Stuttgart - B,"75000,00","14250,00","89250,00","89250,00"
PUR-ORD-2024-00080,Velo GmbH,EUR,2023-04-28,"1,00",PUR-ORD-.YYYY.-,To Receive and Bill,SUP-7042,Purchase Order for SUP-7042,ulmf3b5m06,75000.0,COMP-0051,Gabel Federgabel,500,150.0,2023-05-05,Nos,Nos,1.0,Lager Stuttgart - B,"75000,00","14250,00","89250,00","89250,00"
PUR-ORD-2024-00081,Velo GmbH,EUR,2019-10-31,"1,00",PUR-ORD-.YYYY.-,To Receive and Bill,SUP-5367,Purchase Order for SUP-5367,ulmi17j3b0,2500.0,COMP-0034,Griffe Standard,500,5.0,2019-11-07,Nos,Nos,1.0,Lager Stuttgart - B,"2500,00","475,00","2975,00","2975,00"
PUR-ORD-2024-00082,Velo GmbH,EUR,2020-07-15,"1,00",PUR-ORD-.YYYY.-,To Receive and Bill,SUP-8452,Purchase Order for SUP-8452,ulmliv23io,12500.0,COMP-0016,Vorbau Verstellbarer Vorbau,500,25.0,2020-07-22,Nos,Nos,1.0,Lager Stuttgart - B,"12500,00","2375,00","14875,00","14875,00"
PUR-ORD-2024-00083,Velo GmbH,EUR,2021-09-25,"1,00",PUR-ORD-.YYYY.-,To Receive and Bill,SUP-5367,Purchase Order for SUP-5367,ulmo7hpmh1,2500.0,COMP-0034,Griffe Standard,500,5.0,2021-10-02,Nos,Nos,1.0,Lager Stuttgart - B,"2500,00","475,00","2975,00","2975,00"
PUR-ORD-2024-00084,Velo GmbH,EUR,2020-05-13,"1,00",PUR-ORD-.YYYY.-,To Receive and Bill,SUP-3188,Purchase Order for SUP-3188,ulmr1apfcs,20000.0,COMP-0014,Bremsen Scheibenbremsen mechanisch,500,40.0,2020-05-20,Nos,Nos,1.0,Lager Stuttgart - B,"20000,00","3800,00","23800,00","23800,00"
PUR-ORD-2024-00085,Velo GmbH,EUR,2020-10-21,"1,00",PUR-ORD-.YYYY.-,To Receive and Bill,SUP-4770,Purchase Order for SUP-4770,ulmupuu165,40000.0,COMP-0013,Controller Leistungsstark,500,80.0,2020-10-28,Nos,Nos,1.0,Lager Stuttgart - B,"40000,00","7600,00","47600,00","47600,00"
PUR-ORD-2024-00086,Velo GmbH,EUR,2023-01-16,"1,00",PUR-ORD-.YYYY.-,To Receive and Bill,SUP-4365,Purchase Order for SUP-4365,uln194n1rc,12500.0,COMP-0001,Lenker Flatbar,500,25.0,2023-01-23,Nos,Nos,1.0,Lager Stuttgart - B,"12500,00","2375,00","14875,00","14875,00"
PUR-ORD-2024-00087,Velo GmbH,EUR,2022-12-25,"1,00",PUR-ORD-.YYYY.-,To Receive and Bill,SUP-9071,Purchase Order for SUP-9071,uln5h5gatd,40000.0,COMP-0003,Controller Leistungsstark,500,80.0,2023-01-01,Nos,Nos,1.0,Lager Stuttgart - B,"40000,00","7600,00","47600,00","47600,00"
PUR-ORD-2024-00088,Velo GmbH,EUR,2024-04-24,"1,00",PUR-ORD-.YYYY.-,To Receive and Bill,SUP-6297,Purchase Order for SUP-6297,uln8aatvo6,17500.0,COMP-0043,Kurbel 2-fach,500,35.0,2024-05-01,Nos,Nos,1.0,Lager Stuttgart - B,"17500,00","3325,00","20825,00","20825,00"
PUR-ORD-2024-00089,Velo GmbH,EUR,2020-12-02,"1,00",PUR-ORD-.YYYY.-,To Receive and Bill,SUP-5273,Purchase Order for SUP-5273,ulnbojfetj,125000.0,COMP-0052,Rahmen Aluminium,500,250.0,2020-12-09,Nos,Nos,1.0,Lager Stuttgart - B,"125000,00","23750,00","148750,00","148750,00"
PUR-ORD-2024-00090,Velo GmbH,EUR,2021-04-04,"1,00",PUR-ORD-.YYYY.-,To Receive and Bill,SUP-4108,Purchase Order for SUP-4108,ulne6j24jd,10000.0,COMP-0025,Sattel Komfort,500,20.0,2021-04-11,Nos,Nos,1.0,Lager Stuttgart - B,"10000,00","1900,00","11900,00","11900,00"
PUR-ORD-2024-00091,Velo GmbH,EUR,2022-01-16,"1,00",PUR-ORD-.YYYY.-,To Receive and Bill,SUP-9071,Purchase Order for SUP-9071,ulnhbu5leo,40000.0,COMP-0003,Controller Leistungsstark,500,80.0,2022-01-23,Nos,Nos,1.0,Lager Stuttgart - B,"40000,00","7600,00","47600,00","47600,00"
PUR-ORD-2024-00092,Velo GmbH,EUR,2020-12-12,"1,00",PUR-ORD-.YYYY.-,To Receive and Bill,SUP-9071,Purchase Order for SUP-9071,ulnkql6vjl,90000.0,COMP-0037,Schaltung 2x11 Rennrad,500,180.0,2020-12-19,Nos,Nos,1.0,Lager Stuttgart - B,"90000,00","17100,00","107100,00","107100,00"
PUR-ORD-2024-00093,Velo GmbH,EUR,2023-12-26,"1,00",PUR-ORD-.YYYY.-,To Receive and Bill,SUP-8452,Purchase Order for SUP-8452,ulnn4rstip,12500.0,COMP-0016,Vorbau Verstellbarer Vorbau,500,25.0,2024-01-02,Nos,Nos,1.0,Lager Stuttgart - B,"12500,00","2375,00","14875,00","14875,00"
PUR-ORD-2024-00094,Velo GmbH,EUR,2022-05-17,"1,00",PUR-ORD-.YYYY.-,To Receive and Bill,SUP-7331,Purchase Order for SUP-7331,ulnqlq64oi,100000.0,COMP-0028,Motor Mittelmotor 500W,500,200.0,2022-05-24,Nos,Nos,1.0,Lager Stuttgart - B,"100000,00","19000,00","119000,00","119000,00"
PUR-ORD-2024-00095,Velo GmbH,EUR,2023-03-04,"1,00",PUR-ORD-.YYYY.-,To Receive and Bill,SUP-8367,Purchase Order for SUP-8367,ulnthjb30c,25000.0,COMP-0006,Display LCD,500,50.0,2023-03-11,Nos,Nos,1.0,Lager Stuttgart - B,"25000,00","4750,00","29750,00","29750,00"
PUR-ORD-2024-00096,Velo GmbH,EUR,2020-03-11,"1,00",PUR-ORD-.YYYY.-,To Receive and Bill,SUP-9946,Purchase Order for SUP-9946,ulo0ro2mld,90000.0,COMP-0011,Akku Zusatzakku,500,180.0,2020-03-18,Nos,Nos,1.0,Lager Stuttgart - B,"90000,00","17100,00","107100,00","107100,00"
PUR-ORD-2024-00097,Velo GmbH,EUR,2024-08-31,"1,00",PUR-ORD-.YYYY.-,To Receive and Bill,SUP-9131,Purchase Order for SUP-9131,ulo4omjnn3,12500.0,COMP-0020,Sattel Gel,500,25.0,2024-09-07,Nos,Nos,1.0,Lager Stuttgart - B,"12500,00","2375,00","14875,00","14875,00"
PUR-ORD-2024-00098,Velo GmbH,EUR,2021-05-13,"1,00",PUR-ORD-.YYYY.-,To Receive and Bill,SUP-1347,Purchase Order for SUP-1347,ulo7n9d0jg,12500.0,COMP-0029,Lenker Flatbar,500,25.0,2021-05-20,Nos,Nos,1.0,Lager Stuttgart - B,"12500,00","2375,00","14875,00","14875,00"
PUR-ORD-2024-00099,Velo GmbH,EUR,2020-06-28,"1,00",PUR-ORD-.YYYY.-,To Receive and Bill,SUP-4108,Purchase Order for SUP-4108,uloacsb38b,12500.0,COMP-0035,"Reifen Gravel 29""",500,25.0,2020-07-05,Nos,Nos,1.0,Lager Stuttgart - B,"12500,00","2375,00","14875,00","14875,00"
PUR-ORD-2024-00100,Velo GmbH,EUR,2024-08-05,"1,00",PUR-ORD-.YYYY.-,To Receive and Bill,SUP-1347,Purchase Order for SUP-1347,ulodda1u10,12500.0,COMP-0029,Lenker Flatbar,500,25.0,2024-08-12,Nos,Nos,1.0,Lager Stuttgart - B,"12500,00","2375,00","14875,00","14875,00"
PUR-ORD-2024-00101,Velo GmbH,EUR,2019-11-23,"1,00",PUR-ORD-.YYYY.-,To Receive and Bill,SUP-2823,Purchase Order for SUP-2823,ulogs5s8b2,30000.0,COMP-0032,Controller Standard,500,60.0,2019-11-30,Nos,Nos,1.0,Lager Stuttgart - B,"30000,00","5700,00","35700,00","35700,00"
PUR-ORD-2024-00102,Velo GmbH,EUR,2021-04-21,"1,00",PUR-ORD-.YYYY.-,To Receive and Bill,SUP-4108,Purchase Order for SUP-4108,uloj7uab7d,12500.0,COMP-0035,"Reifen Gravel 29""",500,25.0,2021-04-28,Nos,Nos,1.0,Lager Stuttgart - B,"12500,00","2375,00","14875,00","14875,00"
PUR-ORD-2024-00103,Velo GmbH,EUR,2023-12-04,"1,00",PUR-ORD-.YYYY.-,To Receive and Bill,SUP-9946,Purchase Order for SUP-9946,ulol3v29o1,20000.0,COMP-0044,Schaltung 7-Gang,500,40.0,2023-12-11,Nos,Nos,1.0,Lager Stuttgart - B,"20000,00","3800,00","23800,00","23800,00"
PUR-ORD-2024-00104,Velo GmbH,EUR,2023-04-25,"1,00",PUR-ORD-.YYYY.-,To Receive and Bill,SUP-4365,Purchase Order for SUP-4365,uloobitlu5,12500.0,COMP-0001,Lenker Flatbar,500,25.0,2023-05-02,Nos,Nos,1.0,Lager Stuttgart - B,"12500,00","2375,00","14875,00","14875,00"
PUR-ORD-2024-00105,Velo GmbH,EUR,2024-08-18,"1,00",PUR-ORD-.YYYY.-,To Receive and Bill,SUP-8367,Purchase Order for SUP-8367,ulors91pi6,25000.0,COMP-0006,Display LCD,500,50.0,2024-08-25,Nos,Nos,1.0,Lager Stuttgart - B,"25000,00","4750,00","29750,00","29750,00"
PUR-ORD-2024-00106,Velo GmbH,EUR,2023-09-17,"1,00",PUR-ORD-.YYYY.-,To Receive and Bill,SUP-5367,Purchase Order for SUP-5367,uloujvna92,2500.0,COMP-0034,Griffe Standard,500,5.0,2023-09-24,Nos,Nos,1.0,Lager Stuttgart - B,"2500,00","475,00","2975,00","2975,00"
PUR-ORD-2024-00107,Velo GmbH,EUR,2021-11-21,"1,00",PUR-ORD-.YYYY.-,To Receive and Bill,SUP-2823,Purchase Order for SUP-2823,ulp1ek33f2,7500.0,COMP-0040,Vorbau Standardvorbau,500,15.0,2021-11-28,Nos,Nos,1.0,Lager Stuttgart - B,"7500,00","1425,00","8925,00","8925,00"
PUR-ORD-2024-00108,Velo GmbH,EUR,2023-01-30,"1,00",PUR-ORD-.YYYY.-,To Receive and Bill,SUP-4365,Purchase Order for SUP-4365,ulp4ub8bpp,12500.0,COMP-0001,Lenker Flatbar,500,25.0,2023-02-06,Nos,Nos,1.0,Lager Stuttgart - B,"12500,00","2375,00","14875,00","14875,00"
PUR-ORD-2024-00109,Velo GmbH,EUR,2019-11-17,"1,00",PUR-ORD-.YYYY.-,To Receive and Bill,SUP-3188,Purchase Order for SUP-3188,ulp7ugs7dn,20000.0,COMP-0014,Bremsen Scheibenbremsen mechanisch,500,40.0,2019-11-24,Nos,Nos,1.0,Lager Stuttgart - B,"20000,00","3800,00","23800,00","23800,00"
PUR-ORD-2024-00110,Velo GmbH,EUR,2022-04-28,"1,00",PUR-ORD-.YYYY.-,To Receive and Bill,SUP-9123,Purchase Order for SUP-9123,ulpavatdak,100000.0,COMP-0007,Motor Mittelmotor 500W,500,200.0,2022-05-05,Nos,Nos,1.0,Lager Stuttgart - B,"100000,00","19000,00","119000,00","119000,00"
PUR-ORD-2024-00111,Velo GmbH,EUR,2022-06-09,"1,00",PUR-ORD-.YYYY.-,To Receive and Bill,SUP-7127,Purchase Order for SUP-7127,ulpdsqalqu,10000.0,COMP-0012,Steuersatz Integriert,500,20.0,2022-06-16,Nos,Nos,1.0,Lager Stuttgart - B,"10000,00","1900,00","11900,00","11900,00"
PUR-ORD-2024-00112,Velo GmbH,EUR,2024-05-13,"1,00",PUR-ORD-.YYYY.-,To Receive and Bill,SUP-7885,Purchase Order for SUP-7885,ulpgcb1e26,12500.0,COMP-0048,Steuersatz Semi-integriert,500,25.0,2024-05-20,Nos,Nos,1.0,Lager Stuttgart - B,"12500,00","2375,00","14875,00","14875,00"
PUR-ORD-2024-00113,Velo GmbH,EUR,2023-07-15,"1,00",PUR-ORD-.YYYY.-,To Receive and Bill,SUP-5367,Purchase Order for SUP-5367,ulpjbpdm77,2500.0,COMP-0034,Griffe Standard,500,5.0,2023-07-22,Nos,Nos,1.0,Lager Stuttgart - B,"2500,00","475,00","2975,00","2975,00"
PUR-ORD-2024-00114,Velo GmbH,EUR,2020-07-28,"1,00",PUR-ORD-.YYYY.-,To Receive and Bill,SUP-4770,Purchase Order for SUP-4770,ulpmdc3aks,15000.0,COMP-0023,Sattel Sport,500,30.0,2020-08-04,Nos,Nos,1.0,Lager Stuttgart - B,"15000,00","2850,00","17850,00","17850,00"
PUR-ORD-2024-00115,Velo GmbH,EUR,2023-11-14,"1,00",PUR-ORD-.YYYY.-,To Receive and Bill,SUP-7331,Purchase Order for SUP-7331,ulppt0icis,7500.0,COMP-0027,Vorbau Standardvorbau,500,15.0,2023-11-21,Nos,Nos,1.0,Lager Stuttgart - B,"7500,00","1425,00","8925,00","8925,00"
PUR-ORD-2024-00116,Velo GmbH,EUR,2023-07-18,"1,00",PUR-ORD-.YYYY.-,To Receive and Bill,SUP-8452,Purchase Order for SUP-8452,ulpr7k806p,12500.0,COMP-0016,Vorbau Verstellbarer Vorbau,500,25.0,2023-07-25,Nos,Nos,1.0,Lager Stuttgart - B,"12500,00","2375,00","14875,00","14875,00"
PUR-ORD-2024-00117,Velo GmbH,EUR,2023-07-17,"1,00",PUR-ORD-.YYYY.-,To Receive and Bill,SUP-3098,Purchase Order for SUP-3098,ulpu57hch1,2500.0,COMP-0009,Griffe Standard,500,5.0,2023-07-24,Nos,Nos,1.0,Lager Stuttgart - B,"2500,00","475,00","2975,00","2975,00"
PUR-ORD-2024-00118,Velo GmbH,EUR,2024-08-03,"1,00",PUR-ORD-.YYYY.-,To Receive and Bill,SUP-9131,Purchase Order for SUP-9131,ulq1b8vsed,12500.0,COMP-0020,Sattel Gel,500,25.0,2024-08-10,Nos,Nos,1.0,Lager Stuttgart - B,"12500,00","2375,00","14875,00","14875,00"
PUR-ORD-2024-00119,Velo GmbH,EUR,2024-09-24,"1,00",PUR-ORD-.YYYY.-,To Receive and Bill,SUP-4108,Purchase Order for SUP-4108,ulq4qri1d8,10000.0,COMP-0025,Sattel Komfort,500,20.0,2024-10-01,Nos,Nos,1.0,Lager Stuttgart - B,"10000,00","1900,00","11900,00","11900,00"
